[{"Firma (nazwa)":"Chemos sp. z o.o.","Forma prawna":"spółki z ograniczoną odpowiedzialnością"},{"Firma (nazwa)":"Merazet SA","Forma prawna":"spółki akcyjne"},{"Firma (nazwa)":"Towarzystwo Gospodarcze \"Meblopol\" sp. z o.o.","Forma prawna":"spółki z ograniczoną odpowiedzialnością"},{"Firma (nazwa)":"\"Pol-Soft\" sp. z o.o.","Forma prawna":"spółki z ograniczoną odpowiedzialnością"},{"Firma (nazwa)":"Agrobex sp. z o.o.","Forma prawna":"spółki z ograniczoną odpowiedzialnością"},{"Firma (nazwa)":"Umbrella Prosna sp. z o.o.","Forma prawna":"spółki z ograniczoną odpowiedzialnością"},{"Firma (nazwa)":"Przedsiębiorstwo Produkcyjno-Handlowe „Taborex” sp. z o.o. w upadłości","Forma prawna":"spółki z ograniczoną odpowiedzialnością"},{"Firma (nazwa)":"Ferrex sp. z o.o.","Forma prawna":"spółki z ograniczoną odpowiedzialnością"},{"Firma (nazwa)":"Wojskowe Zakłady Motoryzacyjne SA","Forma prawna":"spółki akcyjne"},{"Firma (nazwa)":"Recaro Rail sp. z o.o.","Forma prawna":"spółki z ograniczoną odpowiedzialnością"},{"Firma (nazwa)":"Unitechnika SA","Forma prawna":"spółki akcyjne"},{"Firma (nazwa)":"Agencja Promocyjno-Handlowa \"Mini-Max\" sp.j. W.M.D.J. Ekiert","Forma prawna":"spółki jawne"},{"Firma (nazwa)":"Aft sp. z o.o.","Forma prawna":"spółki z ograniczoną odpowiedzialnością"},{"Firma (nazwa)":"Dębowa Polska sp. z o.o. sp.k.","Forma prawna":"spółki komandytowe"},{"Firma (nazwa)":"Miralex sp. z o.o.","Forma prawna":"spółki z ograniczoną odpowiedzialnością"},{"Firma (nazwa)":"Atlas sp. z o.o.","Forma prawna":"spółki z ograniczoną odpowiedzialnością"},{"Firma (nazwa)":"Przedsiębiorstwo Produkcyjno-Handlowe \"Lemar\" sp. z o.o.","Forma prawna":"spółki z ograniczoną odpowiedzialnością"},{"Firma (nazwa)":"Litex Service sp. z o.o.","Forma prawna":"spółki z ograniczoną odpowiedzialnością"},{"Firma (nazwa)":"\"Inter-Service\" sp. z o.o.","Forma prawna":"spółki z ograniczoną odpowiedzialnością"},{"Firma (nazwa)":"Przedsiębiorstwo Usługowo Produkcyjne \"Agromix\" sp. z o.o.","Forma prawna":"spółki z ograniczoną odpowiedzialnością"},{"Firma (nazwa)":"Agencja Detektywistyczna i Ochrony \"Joker\" sp. z o.o.","Forma prawna":"spółki z ograniczoną odpowiedzialnością"},{"Firma (nazwa)":"Psmm sp. z o.o.","Forma prawna":"spółki z ograniczoną odpowiedzialnością"},{"Firma (nazwa)":"\"Graphus Pach\" sp. z o.o.","Forma prawna":"spółki z ograniczoną odpowiedzialnością"},{"Firma (nazwa)":"Przedsiębiorstwo Inżynierii Sanitarnej \"Pis\" sp. z o.o. sp.k.","Forma prawna":"spółki komandytowe"},{"Firma (nazwa)":"\"Dbp Products\" sp. z o.o.","Forma prawna":"spółki z ograniczoną odpowiedzialnością"},{"Firma (nazwa)":"P.P.U.H. Woseba sp. z o.o.","Forma prawna":"spółki z ograniczoną odpowiedzialnością"},{"Firma (nazwa)":"Bbf sp. z o.o.","Forma prawna":"spółki z ograniczoną odpowiedzialnością"},{"Firma (nazwa)":"Propart sp. z o.o.","Forma prawna":"spółki z ograniczoną odpowiedzialnością"},{"Firma (nazwa)":"Elmax Group sp. z o.o.","Forma prawna":"spółki z ograniczoną odpowiedzialnością"},{"Firma (nazwa)":"Dom Wydawniczy \"Rebis\" sp. z o.o.","Forma prawna":"spółki z ograniczoną odpowiedzialnością"},{"Firma (nazwa)":"\"Stoltur\" sp.j. Jan i Marian Miller","Forma prawna":"spółki jawne"},{"Firma (nazwa)":"Przedsiębiorstwo Handlowo-Produkcyjno-Usługowe \"Wagromarket\" sp. z o.o.","Forma prawna":"spółki z ograniczoną odpowiedzialnością"},{"Firma (nazwa)":"\"Strima\" sp. z o.o.","Forma prawna":"spółki z ograniczoną odpowiedzialnością"},{"Firma (nazwa)":"Pol-Plan sp. z o.o.","Forma prawna":"spółki z ograniczoną odpowiedzialnością"},{"Firma (nazwa)":"Plandex sp. z o.o.","Forma prawna":"spółki z ograniczoną odpowiedzialnością"},{"Firma (nazwa)":"Van Der Wal Polska sp. z o.o.","Forma prawna":"spółki z ograniczoną odpowiedzialnością"},{"Firma (nazwa)":"\"Skaltex - Kaczmarek, Błaszczyk\" sp.j.","Forma prawna":"spółki jawne"},{"Firma (nazwa)":"Instalcompact sp. z o.o.","Forma prawna":"spółki z ograniczoną odpowiedzialnością"},{"Firma (nazwa)":"\"Omnivent\" sp. z o.o.","Forma prawna":"spółki z ograniczoną odpowiedzialnością"},{"Firma (nazwa)":"K.R.U.K. Technika i Energia sp. z o.o.","Forma prawna":"spółki z ograniczoną odpowiedzialnością"},{"Firma (nazwa)":"\"Małkowski - Martech\" SA","Forma prawna":"spółki akcyjne"},{"Firma (nazwa)":"Przedsiębiorstwo z Udziałem Kapitału Zagranicznego \"Pol-Leim-Holz\" SA","Forma prawna":"spółki akcyjne"},{"Firma (nazwa)":"Wielkopolska Gildia Rolno - Ogrodnicza SA","Forma prawna":"spółki akcyjne"},{"Firma (nazwa)":"\"Skalmex\" sp. z o.o.","Forma prawna":"spółki z ograniczoną odpowiedzialnością"},{"Firma (nazwa)":"\"Mirox\" sp. z o.o.","Forma prawna":"spółki z ograniczoną odpowiedzialnością"},{"Firma (nazwa)":"Pol-Strautmann sp. z o.o.","Forma prawna":"spółki z ograniczoną odpowiedzialnością"},{"Firma (nazwa)":"Przedsiębiorstwo Budowlane \"Peberol\" sp. z o.o.","Forma prawna":"spółki z ograniczoną odpowiedzialnością"},{"Firma (nazwa)":"\"Talex\" SA","Forma prawna":"spółki akcyjne"},{"Firma (nazwa)":"\"Sady Dolina Noteci\" Henryk Stokłosa","Forma prawna":"osoby fizyczne prowadzące działalność gospodarczą"},{"Firma (nazwa)":"Matrix Media sp. z o.o.","Forma prawna":"spółki z ograniczoną odpowiedzialnością"},{"Firma (nazwa)":"Europejskie Konsorcjum Kolejowe Wagon sp. z o.o. w upadłości","Forma prawna":"spółki z ograniczoną odpowiedzialnością"},{"Firma (nazwa)":"F-Trust Iwealth SA","Forma prawna":"spółki akcyjne"},{"Firma (nazwa)":"Mondi sp. z o.o.","Forma prawna":"spółki z ograniczoną odpowiedzialnością"},{"Firma (nazwa)":"Gros Kapitał Invest sp. z o.o. sp.j.","Forma prawna":"spółki jawne"},{"Firma (nazwa)":"Solid Investment sp. z o.o.","Forma prawna":"spółki z ograniczoną odpowiedzialnością"},{"Firma (nazwa)":"Good Food Products SA","Forma prawna":"spółki akcyjne"},{"Firma (nazwa)":"Easy Logistic Solutions sp. z o.o.","Forma prawna":"spółki z ograniczoną odpowiedzialnością"},{"Firma (nazwa)":"Fhc-2 sp. z o.o.","Forma prawna":"spółki z ograniczoną odpowiedzialnością"},{"Firma (nazwa)":"Bowi sp. z o.o.","Forma prawna":"spółki z ograniczoną odpowiedzialnością"},{"Firma (nazwa)":"\"Tabak Grupa\" sp. z o.o.","Forma prawna":"spółki z ograniczoną odpowiedzialnością"},{"Firma (nazwa)":"Przedsiębiorstwo Produkcyjno-Usługowe Zap-Kooperacja sp. z o.o.","Forma prawna":"spółki z ograniczoną odpowiedzialnością"},{"Firma (nazwa)":"Zakład Usługowo - Handlowy \"Rem Kępno\" - sp. z o.o.","Forma prawna":"spółki z ograniczoną odpowiedzialnością"},{"Firma (nazwa)":"Przedsiębiorstwo Handlowe \"Jeta\" sp. z o.o.","Forma prawna":"spółki z ograniczoną odpowiedzialnością"},{"Firma (nazwa)":"Gabi Jerczyński sp.k.","Forma prawna":"spółki komandytowe"},{"Firma (nazwa)":"Cx80 Polska Agata Nadera, Dariusz Nadera sp.k.","Forma prawna":"spółki komandytowe"},{"Firma (nazwa)":"Almano sp. z o.o.","Forma prawna":"spółki z ograniczoną odpowiedzialnością"},{"Firma (nazwa)":"Pri Inżbud Andrzej Klaga sp.j.","Forma prawna":"spółki jawne"},{"Firma (nazwa)":"Fabryka Firanek i Koronek \"Haft\" SA","Forma prawna":"spółki akcyjne"},{"Firma (nazwa)":"Termika Grala, Wojciechowski sp. z o.o.","Forma prawna":"spółki z ograniczoną odpowiedzialnością"},{"Firma (nazwa)":"Przedsiębiorstwo Wielobranżowe \"Wega A\" sp. z o.o.","Forma prawna":"spółki z ograniczoną odpowiedzialnością"},{"Firma (nazwa)":"Transpetrol-Bis sp. z o.o.","Forma prawna":"spółki z ograniczoną odpowiedzialnością"},{"Firma (nazwa)":"Optima Malt sp. z o.o.","Forma prawna":"spółki z ograniczoną odpowiedzialnością"},{"Firma (nazwa)":"Przedsiębiorstwo Oczyszczania Miasta Eko sp. z o.o.","Forma prawna":"spółki z ograniczoną odpowiedzialnością"},{"Firma (nazwa)":"\"Hodowla Roślin Smolice sp. z o.o. - Grupa Ihar\"","Forma prawna":"spółki z ograniczoną odpowiedzialnością"},{"Firma (nazwa)":"\"Eko-Higiena\" M. Kuźma, I. Borkiewicz-Kaaz sp.j.","Forma prawna":"spółki jawne"},{"Firma (nazwa)":"\"Ropez\" Fabryka Mebli Robert i Aneta Poszwa sp.j.","Forma prawna":"spółki jawne"},{"Firma (nazwa)":"Przedsiębiorstwo Produkcyjno Usługowo Handlowe Prebet sp.j. Wiesław Jaśkowiak","Forma prawna":"spółki jawne"},{"Firma (nazwa)":"\"Drewpal\" Krzysztof Drygała i Grzegorz Drygała sp.j.","Forma prawna":"spółki jawne"},{"Firma (nazwa)":"Biuro Usług Detektywistyczno-Ochronnych \"Lex\" sp. z o.o.","Forma prawna":"spółki z ograniczoną odpowiedzialnością"},{"Firma (nazwa)":"FP Spomax SA w upadłości","Forma prawna":"spółki akcyjne"},{"Firma (nazwa)":"Meble Stolar Jurasik sp.k.","Forma prawna":"spółki komandytowe"},{"Firma (nazwa)":"Przedsiębiorstwo Wielobranżowe \"Lignomat\" Jerzy Stempin i Piotr Stempin, sp.j.","Forma prawna":"spółki jawne"},{"Firma (nazwa)":"Henmar Cabins sp. z o.o. sp.k.","Forma prawna":"spółki komandytowe"},{"Firma (nazwa)":"\"Trasko-Stal\" sp. z o.o.","Forma prawna":"spółki z ograniczoną odpowiedzialnością"},{"Firma (nazwa)":"Gfm Rusztowania K. Sitek, M. Warszawski, J. Sitek sp.k.","Forma prawna":"spółki komandytowe"},{"Firma (nazwa)":"Intar sp. z o.o.","Forma prawna":"spółki z ograniczoną odpowiedzialnością"},{"Firma (nazwa)":"Krepel Poland sp. z o.o.","Forma prawna":"spółki z ograniczoną odpowiedzialnością"},{"Firma (nazwa)":"Portos Tr7 sp. z o.o.","Forma prawna":"spółki z ograniczoną odpowiedzialnością"},{"Firma (nazwa)":"Przedsiębiorstwo \"Promax\" sp.j. Zofia Fórmanek-Okrój, Wiesław Okrój","Forma prawna":"spółki jawne"},{"Firma (nazwa)":"Delta sp.j. Jankowski Pluciński Zawada","Forma prawna":"spółki jawne"},{"Firma (nazwa)":"\"Agromet\" sp. z o.o.","Forma prawna":"spółki z ograniczoną odpowiedzialnością"},{"Firma (nazwa)":"Karian sp.j. Jan, Bożena, Andrzej Karwan","Forma prawna":"spółki jawne"},{"Firma (nazwa)":"Fabryka Mebli Stollech Lech Jóźwiakowski","Forma prawna":"osoby fizyczne prowadzące działalność gospodarczą"},{"Firma (nazwa)":"Gospodarstwo Rolne","Forma prawna":"osoby fizyczne prowadzące działalność gospodarczą"},{"Firma (nazwa)":"AK Nova sp. z o.o.","Forma prawna":"spółki z ograniczoną odpowiedzialnością"},{"Firma (nazwa)":"Zap - Mechanika - Grupa Ponar Wadowice sp. z o.o.","Forma prawna":"spółki z ograniczoną odpowiedzialnością"},{"Firma (nazwa)":"Lege Opakowania sp. z o.o.","Forma prawna":"spółki z ograniczoną odpowiedzialnością"},{"Firma (nazwa)":"\"Auto Partner\" Jan Garcarek i Andrzej Garcarek sp.k.","Forma prawna":"spółki komandytowe"},{"Firma (nazwa)":"Zakład Produkcyjno - Usługowo - Handlowy \"Rembet\" sp. z o.o.","Forma prawna":"spółki z ograniczoną odpowiedzialnością"},{"Firma (nazwa)":"Obróbka Metali Müller & Damas sp. z o.o.","Forma prawna":"spółki z ograniczoną odpowiedzialnością"},{"Firma (nazwa)":"Fabryka Mebli \"Meblar\" Maria i Franciszek Sołtysik sp.j.","Forma prawna":"spółki jawne"},{"Firma (nazwa)":"Miejski Zakład Gospodarki Mieszkaniowej \"Mzgm\" sp. z o.o.","Forma prawna":"spółki z ograniczoną odpowiedzialnością"},{"Firma (nazwa)":"Fenetra sp. z o.o.","Forma prawna":"spółki z ograniczoną odpowiedzialnością"},{"Firma (nazwa)":"Gospodarstwo Rolne - Edmund Lewandowski","Forma prawna":"osoby fizyczne prowadzące działalność gospodarczą"},{"Firma (nazwa)":"Medyczne Centrum Opieki Hanna sp. z o.o.","Forma prawna":"spółki z ograniczoną odpowiedzialnością"},{"Firma (nazwa)":"Edal II sp. z o.o.","Forma prawna":"spółki z ograniczoną odpowiedzialnością"},{"Firma (nazwa)":"Agencja Detektywistyczna \"Enigma-Service\" sp. z o.o.","Forma prawna":"spółki z ograniczoną odpowiedzialnością"},{"Firma (nazwa)":"\"Malspaw\" sp. z o.o.","Forma prawna":"spółki z ograniczoną odpowiedzialnością"},{"Firma (nazwa)":"\"Big Star Limited\" sp. z o.o.","Forma prawna":"spółki z ograniczoną odpowiedzialnością"},{"Firma (nazwa)":"\"Gib\" Meble Berski sp.j.","Forma prawna":"spółki jawne"},{"Firma (nazwa)":"Audytor Kancelaria Biegłych Rewidentów sp. z o.o.","Forma prawna":"spółki z ograniczoną odpowiedzialnością"},{"Firma (nazwa)":"T&J Paliwa sp. z o.o.","Forma prawna":"spółki z ograniczoną odpowiedzialnością"},{"Firma (nazwa)":"Mayr Polska sp. z o.o.","Forma prawna":"spółki z ograniczoną odpowiedzialnością"},{"Firma (nazwa)":"Grupa G-3 sp.j. Grzegorz, Piotr, Radosław Gugała","Forma prawna":"spółki jawne"},{"Firma (nazwa)":"Meble Laski Kaczorowska sp.k.","Forma prawna":"spółki komandytowe"},{"Firma (nazwa)":"Przedsiębiorstwo Robót Drogowo - Mostowych SA w Ostrzeszowie","Forma prawna":"spółki akcyjne"},{"Firma (nazwa)":"Przedsiębiorstwo Usług Komunalnych SA","Forma prawna":"spółki akcyjne"},{"Firma (nazwa)":"Florentyna sp. z o.o.","Forma prawna":"spółki z ograniczoną odpowiedzialnością"},{"Firma (nazwa)":"Credo sp. z o.o.","Forma prawna":"spółki z ograniczoną odpowiedzialnością"},{"Firma (nazwa)":"Dmg Mori Poland Sales and Service sp. z o.o.","Forma prawna":"spółki z ograniczoną odpowiedzialnością"},{"Firma (nazwa)":"Fabryka Wyrobów Runowych \"Runotex\" SA","Forma prawna":"spółki akcyjne"},{"Firma (nazwa)":"\"Info - Global\" Marek Dąbrowski, Dariusz Śron sp.j.","Forma prawna":"spółki jawne"},{"Firma (nazwa)":"Ignaszak Prosta SA","Forma prawna":"proste spółki akcyjne"},{"Firma (nazwa)":"Fabryka Ceramiki Budowlanej sp. z o.o.","Forma prawna":"spółki z ograniczoną odpowiedzialnością"},{"Firma (nazwa)":"Przedsiębiorstwo Handlowo-Usługowe \"Sztukowski\" sp. z o.o.","Forma prawna":"spółki z ograniczoną odpowiedzialnością"},{"Firma (nazwa)":"Zakład Tworzyw Sztucznych \"Metalplast-Kalisz\" sp. z o.o.","Forma prawna":"spółki z ograniczoną odpowiedzialnością"},{"Firma (nazwa)":"Fabryka Maszyn Spożywczych Spomasz Pleszew SA","Forma prawna":"spółki akcyjne"},{"Firma (nazwa)":"Dig-Net sp. z o.o. sp.k.","Forma prawna":"spółki komandytowe"},{"Firma (nazwa)":"EK Elektrokabel Fabryka Kabli Karolak i Synowie sp. z o.o.","Forma prawna":"spółki z ograniczoną odpowiedzialnością"},{"Firma (nazwa)":"M-Mot sp. z o.o.","Forma prawna":"spółki z ograniczoną odpowiedzialnością"},{"Firma (nazwa)":"Strassmayr sp. z o.o.","Forma prawna":"spółki z ograniczoną odpowiedzialnością"},{"Firma (nazwa)":"Tessa sp. z o.o.","Forma prawna":"spółki z ograniczoną odpowiedzialnością"},{"Firma (nazwa)":"Abc Czepczyński sp. z o.o. sp.k.","Forma prawna":"spółki komandytowe"},{"Firma (nazwa)":"\"L-Correct\" - sp. z o.o.","Forma prawna":"spółki z ograniczoną odpowiedzialnością"},{"Firma (nazwa)":"GT Projekt sp. z o.o.","Forma prawna":"spółki z ograniczoną odpowiedzialnością"},{"Firma (nazwa)":"\"Fabet\" sp. z o.o.","Forma prawna":"spółki z ograniczoną odpowiedzialnością"},{"Firma (nazwa)":"Zalmet sp. z o.o.","Forma prawna":"spółki z ograniczoną odpowiedzialnością"},{"Firma (nazwa)":"Rehasport Clinic sp. z o.o.","Forma prawna":"spółki z ograniczoną odpowiedzialnością"},{"Firma (nazwa)":"\"Lebal\" SA","Forma prawna":"spółki akcyjne"},{"Firma (nazwa)":"Izoserwis sp. z o.o.","Forma prawna":"spółki z ograniczoną odpowiedzialnością"},{"Firma (nazwa)":"Kunert sp.j.","Forma prawna":"spółki jawne"},{"Firma (nazwa)":"Fabryka Okien i Drzwi Sapor sp. z o.o.","Forma prawna":"spółki z ograniczoną odpowiedzialnością"},{"Firma (nazwa)":"\"Jako\" sp. z o.o.","Forma prawna":"spółki z ograniczoną odpowiedzialnością"},{"Firma (nazwa)":"Imex Logistics sp. z o.o.","Forma prawna":"spółki z ograniczoną odpowiedzialnością"},{"Firma (nazwa)":"Kryszna sp. z o.o.","Forma prawna":"spółki z ograniczoną odpowiedzialnością"},{"Firma (nazwa)":"Centrum Ubezpieczeń i Leasingu Wiktorski\/Wielgórecki sp. z o.o.","Forma prawna":"spółki z ograniczoną odpowiedzialnością"},{"Firma (nazwa)":"\"Sintur\" sp. z o.o.","Forma prawna":"spółki z ograniczoną odpowiedzialnością"},{"Firma (nazwa)":"Paypro SA","Forma prawna":"spółki akcyjne"},{"Firma (nazwa)":"Gtc Chwiłowicz sp.j.","Forma prawna":"spółki jawne"},{"Firma (nazwa)":"Rbb-Stal sp. z o.o.","Forma prawna":"spółki z ograniczoną odpowiedzialnością"},{"Firma (nazwa)":"Zakład Przemysłowych Systemów Automatyki sp. z o.o.","Forma prawna":"spółki z ograniczoną odpowiedzialnością"},{"Firma (nazwa)":"Flux Medical sp. z o.o.","Forma prawna":"spółki z ograniczoną odpowiedzialnością"},{"Firma (nazwa)":"AW Transport & Logistics Gmbh sp. z o.o.","Forma prawna":"spółki z ograniczoną odpowiedzialnością"},{"Firma (nazwa)":"Niepubliczny Zespół Poradni Specjalistycznych \"Puls\" G. Budasz i M. Weglarski sp.j.","Forma prawna":"spółki jawne"},{"Firma (nazwa)":"Drew-Mark Łukasz Ochocki","Forma prawna":"osoby fizyczne prowadzące działalność gospodarczą"},{"Firma (nazwa)":"Genpower sp. z o.o.","Forma prawna":"spółki z ograniczoną odpowiedzialnością"},{"Firma (nazwa)":"Smg Solutions sp. z o.o.","Forma prawna":"spółki z ograniczoną odpowiedzialnością"},{"Firma (nazwa)":"Stolarz - Lempert sp.k.","Forma prawna":"spółki komandytowe"},{"Firma (nazwa)":"Almar Transport Spedycja sp. z o.o.","Forma prawna":"spółki z ograniczoną odpowiedzialnością"},{"Firma (nazwa)":"\"Destylacje Polskie\" sp. z o.o.","Forma prawna":"spółki z ograniczoną odpowiedzialnością"},{"Firma (nazwa)":"Brovarus Woźniak sp.j.","Forma prawna":"spółki jawne"},{"Firma (nazwa)":"\"Mm-Pharma\" sp. z o.o.","Forma prawna":"spółki z ograniczoną odpowiedzialnością"},{"Firma (nazwa)":"\"Ambro Logistics\" sp. z o.o.","Forma prawna":"spółki z ograniczoną odpowiedzialnością"},{"Firma (nazwa)":"A-Form sp. z o.o.","Forma prawna":"spółki z ograniczoną odpowiedzialnością"},{"Firma (nazwa)":"Bong Cały Świat Kopert sp. z o.o.","Forma prawna":"spółki z ograniczoną odpowiedzialnością"},{"Firma (nazwa)":"Altom sp. z o.o.","Forma prawna":"spółki z ograniczoną odpowiedzialnością"},{"Firma (nazwa)":"About AD sp. z o.o.","Forma prawna":"spółki z ograniczoną odpowiedzialnością"},{"Firma (nazwa)":"Tomex Brakes sp. z o.o. sp.k.","Forma prawna":"spółki komandytowe"},{"Firma (nazwa)":"Knioch M. sp.k.","Forma prawna":"spółki komandytowe"},{"Firma (nazwa)":"Englishsquare.pl sp. z o.o.","Forma prawna":"spółki z ograniczoną odpowiedzialnością"},{"Firma (nazwa)":"Zakład Utylizacji Odpadów sp. z o.o.","Forma prawna":"spółki z ograniczoną odpowiedzialnością"},{"Firma (nazwa)":"Marol sp. z o.o.","Forma prawna":"spółki z ograniczoną odpowiedzialnością"},{"Firma (nazwa)":"Leco sp. z o.o. w likwidacji","Forma prawna":"spółki z ograniczoną odpowiedzialnością"},{"Firma (nazwa)":"United Vision sp. z o.o.","Forma prawna":"spółki z ograniczoną odpowiedzialnością"},{"Firma (nazwa)":"\"Galwano\" sp. z o.o.","Forma prawna":"spółki z ograniczoną odpowiedzialnością"},{"Firma (nazwa)":"\"Job Impulse Polska\" sp. z o.o.","Forma prawna":"spółki z ograniczoną odpowiedzialnością"},{"Firma (nazwa)":"Karex Robert Rosiak i Wspólnicy sp.j.","Forma prawna":"spółki jawne"},{"Firma (nazwa)":"Krj Display sp. z o.o.","Forma prawna":"spółki z ograniczoną odpowiedzialnością"},{"Firma (nazwa)":"Grupa Kon-Plast sp. z o.o.","Forma prawna":"spółki z ograniczoną odpowiedzialnością"},{"Firma (nazwa)":"Proeko Zarządzamy Energią sp. z o.o. sp.k.","Forma prawna":"spółki komandytowe"},{"Firma (nazwa)":"Mglogistic sp. z o.o. sp.k.","Forma prawna":"spółki komandytowe"},{"Firma (nazwa)":"Zakład Budownictwa Ogólnego \"Mar-Bud\" Marciniak s.c.","Forma prawna":"spółki cywilne prowadzące działalność na podstawie umowy zawartej zgodnie z Kodeksem cywilnym"},{"Firma (nazwa)":"Zakład Krawiecki Mazex s.c. Sebastian Zieliński i Natalia Zielińska","Forma prawna":"spółki cywilne prowadzące działalność na podstawie umowy zawartej zgodnie z Kodeksem cywilnym"},{"Firma (nazwa)":"Meringer sp. z o.o.","Forma prawna":"spółki z ograniczoną odpowiedzialnością"},{"Firma (nazwa)":"Energa Ciepło Kaliskie sp. z o.o.","Forma prawna":"spółki z ograniczoną odpowiedzialnością"},{"Firma (nazwa)":"Supremo sp. z o.o.","Forma prawna":"spółki z ograniczoną odpowiedzialnością"},{"Firma (nazwa)":"\"Uniwersyteckie Centrum Stomatologii i Medycyny Specjalistycznej\" sp. z o.o.","Forma prawna":"spółki z ograniczoną odpowiedzialnością"},{"Firma (nazwa)":"Https sp. z o.o.","Forma prawna":"spółki z ograniczoną odpowiedzialnością"},{"Firma (nazwa)":"AN - Rom sp. z o.o.","Forma prawna":"spółki z ograniczoną odpowiedzialnością"},{"Firma (nazwa)":"Zuhip - sp. z o.o.","Forma prawna":"spółki z ograniczoną odpowiedzialnością"},{"Firma (nazwa)":"Elizabeth Konin Żywioł sp.j.","Forma prawna":"spółki jawne"},{"Firma (nazwa)":"Icr sp. z o.o.","Forma prawna":"spółki z ograniczoną odpowiedzialnością"},{"Firma (nazwa)":"Domo-Best sp. z o.o. sp.k.","Forma prawna":"spółki komandytowe"},{"Firma (nazwa)":"Piekarnia - Cukiernia Jacek Błaszkowiak sp.k.","Forma prawna":"spółki komandytowe"},{"Firma (nazwa)":"Enea Operator sp. z o.o.","Forma prawna":"spółki z ograniczoną odpowiedzialnością"},{"Firma (nazwa)":"Elektra sp. z o.o. sp.k.","Forma prawna":"spółki komandytowe"},{"Firma (nazwa)":"Inex System sp. z o.o. w upadłości","Forma prawna":"spółki z ograniczoną odpowiedzialnością"},{"Firma (nazwa)":"Apollogic sp. z o.o.","Forma prawna":"spółki z ograniczoną odpowiedzialnością"},{"Firma (nazwa)":"Sanmar sp. z o.o.","Forma prawna":"spółki z ograniczoną odpowiedzialnością"},{"Firma (nazwa)":"\"Dinopol\" sp. z o.o.","Forma prawna":"spółki z ograniczoną odpowiedzialnością"},{"Firma (nazwa)":"Przedsiębiorstwo Produkcyjno-Usługowe Chadmet Bogdan Chadaj i Wspólnicy sp.j.","Forma prawna":"spółki jawne"},{"Firma (nazwa)":"Zaparoh sp. z o.o.","Forma prawna":"spółki z ograniczoną odpowiedzialnością"},{"Firma (nazwa)":"Dozamech sp. z o.o. sp.k.","Forma prawna":"spółki komandytowe"},{"Firma (nazwa)":"Tacakiewicz Ferma Kresek sp. z o.o.","Forma prawna":"spółki z ograniczoną odpowiedzialnością"},{"Firma (nazwa)":"Tulplast Socha sp.k.","Forma prawna":"spółki komandytowe"},{"Firma (nazwa)":"Centrum Techniki Macro sp. z o.o.","Forma prawna":"spółki z ograniczoną odpowiedzialnością"},{"Firma (nazwa)":"Przedsiębiorstwo Produkcyjno-Handlowe Agronas sp. z o.o.","Forma prawna":"spółki z ograniczoną odpowiedzialnością"},{"Firma (nazwa)":"Prodesta sp. z o.o.","Forma prawna":"spółki z ograniczoną odpowiedzialnością"},{"Firma (nazwa)":"\"Metalika Recycling\" sp. z o.o.","Forma prawna":"spółki z ograniczoną odpowiedzialnością"},{"Firma (nazwa)":"Andrewex sp. z o.o.","Forma prawna":"spółki z ograniczoną odpowiedzialnością"},{"Firma (nazwa)":"Edica sp. z o.o.","Forma prawna":"spółki z ograniczoną odpowiedzialnością"},{"Firma (nazwa)":"\"Mromont\" sp. z o.o.","Forma prawna":"spółki z ograniczoną odpowiedzialnością"},{"Firma (nazwa)":"Grupa Blix sp. z o.o.","Forma prawna":"spółki z ograniczoną odpowiedzialnością"},{"Firma (nazwa)":"\"Syto Co-Packaging Polska\" sp. z o.o.","Forma prawna":"spółki z ograniczoną odpowiedzialnością"},{"Firma (nazwa)":"Noex sp. z o.o. sp.j.","Forma prawna":"spółki jawne"},{"Firma (nazwa)":"Nds System sp. z o.o.","Forma prawna":"spółki z ograniczoną odpowiedzialnością"},{"Firma (nazwa)":"Autoryzowana Stacja Dealerska Toyota Ukleja sp.j.","Forma prawna":"spółki jawne"},{"Firma (nazwa)":"Labo Print SA","Forma prawna":"spółki akcyjne"},{"Firma (nazwa)":"Moderno Mundo sp. z o.o.","Forma prawna":"spółki z ograniczoną odpowiedzialnością"},{"Firma (nazwa)":"\"Marol Kapitał\" sp. z o.o. S.K.A.","Forma prawna":"spółki komandytowo-akcyjne"},{"Firma (nazwa)":"M&K Foam Gmbh sp. z o.o.","Forma prawna":"spółki z ograniczoną odpowiedzialnością"},{"Firma (nazwa)":"Cosmo Group sp. z o.o.","Forma prawna":"spółki z ograniczoną odpowiedzialnością"},{"Firma (nazwa)":"GC Metal sp. z o.o.","Forma prawna":"spółki z ograniczoną odpowiedzialnością"},{"Firma (nazwa)":"MB Poznań sp. z o.o.","Forma prawna":"spółki z ograniczoną odpowiedzialnością"},{"Firma (nazwa)":"Wintact sp. z o.o.","Forma prawna":"spółki z ograniczoną odpowiedzialnością"},{"Firma (nazwa)":"Antmicro sp. z o.o.","Forma prawna":"spółki z ograniczoną odpowiedzialnością"},{"Firma (nazwa)":"\"S-Pharma\" sp. z o.o.","Forma prawna":"spółki z ograniczoną odpowiedzialnością"},{"Firma (nazwa)":"Psf Polish Springs Factory sp. z o.o.","Forma prawna":"spółki z ograniczoną odpowiedzialnością"},{"Firma (nazwa)":"\"All Fred Logistics\" sp. z o.o.","Forma prawna":"spółki z ograniczoną odpowiedzialnością"},{"Firma (nazwa)":"Inteco Business Solutions sp. z o.o.","Forma prawna":"spółki z ograniczoną odpowiedzialnością"},{"Firma (nazwa)":"U Kubusia sp. z o.o. sp.k.","Forma prawna":"spółki komandytowe"},{"Firma (nazwa)":"\"Ambro Transport\" sp. z o.o.","Forma prawna":"spółki z ograniczoną odpowiedzialnością"},{"Firma (nazwa)":"M. Karlik sp.k.","Forma prawna":"spółki komandytowe"},{"Firma (nazwa)":"Zakład Produkcyjno Handlowy \"Izomer\" Józef Kolasa","Forma prawna":"osoby fizyczne prowadzące działalność gospodarczą"},{"Firma (nazwa)":"Giacomo Conti sp. z o.o.","Forma prawna":"spółki z ograniczoną odpowiedzialnością"},{"Firma (nazwa)":"\"Norson sp. z o.o. sp.k.","Forma prawna":"spółki komandytowe"},{"Firma (nazwa)":"Waab Wytwórnia Betonu sp. z o.o.","Forma prawna":"spółki z ograniczoną odpowiedzialnością"},{"Firma (nazwa)":"Przedsiębiorstwo Handlowe Chudak sp.j.","Forma prawna":"spółki jawne"},{"Firma (nazwa)":"Awilux Polska sp. z o.o. sp.k.","Forma prawna":"spółki komandytowe"},{"Firma (nazwa)":"\"Tex-House\" sp. z o.o.","Forma prawna":"spółki z ograniczoną odpowiedzialnością"},{"Firma (nazwa)":"Car Net Polska sp. z o.o.","Forma prawna":"spółki z ograniczoną odpowiedzialnością"},{"Firma (nazwa)":"Excelsior Poland sp. z o.o.","Forma prawna":"spółki z ograniczoną odpowiedzialnością"},{"Firma (nazwa)":"Postęp sp. z o.o.","Forma prawna":"spółki z ograniczoną odpowiedzialnością"},{"Firma (nazwa)":"\"Kadefarm\" sp. z o.o.","Forma prawna":"spółki z ograniczoną odpowiedzialnością"},{"Firma (nazwa)":"Multitelekom.pl sp. z o.o. w likwidacji","Forma prawna":"spółki z ograniczoną odpowiedzialnością"},{"Firma (nazwa)":"Pro Plast Epp sp. z o.o.","Forma prawna":"spółki z ograniczoną odpowiedzialnością"},{"Firma (nazwa)":"Zakład Produkcyjno - Handlowy \"Elektro-Plast\" sp. z o.o.","Forma prawna":"spółki z ograniczoną odpowiedzialnością"},{"Firma (nazwa)":"Colours Factory sp. z o.o.","Forma prawna":"spółki z ograniczoną odpowiedzialnością"},{"Firma (nazwa)":"Maxcess sp. z o.o.","Forma prawna":"spółki z ograniczoną odpowiedzialnością"},{"Firma (nazwa)":"Bovelli Bedding sp. z o.o.","Forma prawna":"spółki z ograniczoną odpowiedzialnością"},{"Firma (nazwa)":"Remal sp. z o.o.","Forma prawna":"spółki z ograniczoną odpowiedzialnością"},{"Firma (nazwa)":"Watis sp. z o.o.","Forma prawna":"spółki z ograniczoną odpowiedzialnością"},{"Firma (nazwa)":"\"Trazmet\" Lager Technik sp. z o.o.","Forma prawna":"spółki z ograniczoną odpowiedzialnością"},{"Firma (nazwa)":"Hydro-Marko sp. z o.o. sp.k.","Forma prawna":"spółki komandytowe"},{"Firma (nazwa)":"Comforteo Węgłowski i Stryjakiewicz sp.k.","Forma prawna":"spółki komandytowe"},{"Firma (nazwa)":"Piekarnia Cukiernia Gursz sp. z o.o.","Forma prawna":"spółki z ograniczoną odpowiedzialnością"},{"Firma (nazwa)":"Imola sp. z o.o.","Forma prawna":"spółki z ograniczoną odpowiedzialnością"},{"Firma (nazwa)":"Esa Trucks Polska sp. z o.o.","Forma prawna":"spółki z ograniczoną odpowiedzialnością"},{"Firma (nazwa)":"Wintech Production Group sp. z o.o.","Forma prawna":"spółki z ograniczoną odpowiedzialnością"},{"Firma (nazwa)":"Fabryka Mebli Benix Kaczorowscy sp. z o.o.","Forma prawna":"spółki z ograniczoną odpowiedzialnością"},{"Firma (nazwa)":"\"Rolpol - Żywienie Zwierząt\" sp. z o.o.","Forma prawna":"spółki z ograniczoną odpowiedzialnością"},{"Firma (nazwa)":"Wielkopolskie Centrum Medyczne sp. z o.o.","Forma prawna":"spółki z ograniczoną odpowiedzialnością"},{"Firma (nazwa)":"Browar Czarnków SA","Forma prawna":"spółki akcyjne"},{"Firma (nazwa)":"Auto - Studio sp. z o.o.","Forma prawna":"spółki z ograniczoną odpowiedzialnością"},{"Firma (nazwa)":"Noti sp. z o.o.","Forma prawna":"spółki z ograniczoną odpowiedzialnością"},{"Firma (nazwa)":"\"Pbo - Construction sp. z o.o. sp.k.","Forma prawna":"spółki komandytowe"},{"Firma (nazwa)":"Atrakcyjnafirma.pl Katalog Wydawniczy sp. z o.o.","Forma prawna":"spółki z ograniczoną odpowiedzialnością"},{"Firma (nazwa)":"Pr9 sp. z o.o.","Forma prawna":"spółki z ograniczoną odpowiedzialnością"},{"Firma (nazwa)":"Przedsiębiorstwo Inżynierii Sanitarnej Piotrowski sp. z o.o.","Forma prawna":"spółki z ograniczoną odpowiedzialnością"},{"Firma (nazwa)":"Agro-Rami Raniś i Wspólnicy sp. z o.o.","Forma prawna":"spółki z ograniczoną odpowiedzialnością"},{"Firma (nazwa)":"\"Mpt Tabo\" sp. z o.o.","Forma prawna":"spółki z ograniczoną odpowiedzialnością"},{"Firma (nazwa)":"Zakład Diagnostyki Medycznej sp. z o.o.","Forma prawna":"spółki z ograniczoną odpowiedzialnością"},{"Firma (nazwa)":"Pitbull sp. z o.o.","Forma prawna":"spółki z ograniczoną odpowiedzialnością"},{"Firma (nazwa)":"\"Fdw Pasze\" sp. z o.o.","Forma prawna":"spółki z ograniczoną odpowiedzialnością"},{"Firma (nazwa)":"Duda - Cars SA","Forma prawna":"spółki akcyjne"},{"Firma (nazwa)":"\"Best Oil\" sp. z o.o.","Forma prawna":"spółki z ograniczoną odpowiedzialnością"},{"Firma (nazwa)":"Grant Thornton Frąckowiak Prosta SA","Forma prawna":"proste spółki akcyjne"},{"Firma (nazwa)":"\"Correct - K. Błaszczyk i Wspólnicy\" sp.k.","Forma prawna":"spółki komandytowe"},{"Firma (nazwa)":"Agrokowalski sp. z o.o.","Forma prawna":"spółki z ograniczoną odpowiedzialnością"},{"Firma (nazwa)":"Phup Gniezno Szeszycki sp.k.","Forma prawna":"spółki komandytowe"},{"Firma (nazwa)":"Perfexim sp. z o.o.","Forma prawna":"spółki z ograniczoną odpowiedzialnością"},{"Firma (nazwa)":"Qsg SA","Forma prawna":"spółki akcyjne"},{"Firma (nazwa)":"Andre Abrasive Articles sp. z o.o. sp.k.","Forma prawna":"spółki komandytowe"},{"Firma (nazwa)":"Przedsiębiorstwo Usługowo-Produkcyjne \"Galwa-Met\" Frankowski Romuald","Forma prawna":"osoby fizyczne prowadzące działalność gospodarczą"},{"Firma (nazwa)":"Gospodarstwo Rolne","Forma prawna":"osoby fizyczne prowadzące działalność gospodarczą"},{"Firma (nazwa)":"\"Bbf Projekt\" sp. z o.o.","Forma prawna":"spółki z ograniczoną odpowiedzialnością"},{"Firma (nazwa)":"\"Termnet\" sp. z o.o.","Forma prawna":"spółki z ograniczoną odpowiedzialnością"},{"Firma (nazwa)":"Lenker sp. z o.o.","Forma prawna":"spółki z ograniczoną odpowiedzialnością"},{"Firma (nazwa)":"Js-Pharma sp. z o.o.","Forma prawna":"spółki z ograniczoną odpowiedzialnością"},{"Firma (nazwa)":"Fabryka Mebli Wersal Z.B.Ł. Kaczorowscy sp.k.","Forma prawna":"spółki komandytowe"},{"Firma (nazwa)":"Dakpol sp. z o.o.","Forma prawna":"spółki z ograniczoną odpowiedzialnością"},{"Firma (nazwa)":"Filar Fijałkowski sp.k.","Forma prawna":"spółki komandytowe"},{"Firma (nazwa)":"Krajowy Integrator Płatności SA","Forma prawna":"spółki akcyjne"},{"Firma (nazwa)":"4Kraft sp. z o.o.","Forma prawna":"spółki z ograniczoną odpowiedzialnością"},{"Firma (nazwa)":"Kaczor sp. z o.o.","Forma prawna":"spółki z ograniczoną odpowiedzialnością"},{"Firma (nazwa)":"Brigo Polska sp. z o.o.","Forma prawna":"spółki z ograniczoną odpowiedzialnością"},{"Firma (nazwa)":"\"Catering Service\" sp. z o.o.","Forma prawna":"spółki z ograniczoną odpowiedzialnością"},{"Firma (nazwa)":"Grupa Zboża Wielkopolskie sp. z o.o.","Forma prawna":"spółki z ograniczoną odpowiedzialnością"},{"Firma (nazwa)":"Investa sp. z o.o.","Forma prawna":"spółki z ograniczoną odpowiedzialnością"},{"Firma (nazwa)":"\"Sójka & Syn\" - Commercial Agency, sp. z o.o. w likwidacji","Forma prawna":"spółki z ograniczoną odpowiedzialnością"},{"Firma (nazwa)":"Poner sp. z o.o.","Forma prawna":"spółki z ograniczoną odpowiedzialnością"},{"Firma (nazwa)":"Locotranssped sp. z o.o. w upadłości","Forma prawna":"spółki z ograniczoną odpowiedzialnością"},{"Firma (nazwa)":"FB Invest Group s.c. Maciej Bernat, Grzegorz Bernat","Forma prawna":"spółki cywilne prowadzące działalność na podstawie umowy zawartej zgodnie z Kodeksem cywilnym"},{"Firma (nazwa)":"\"Autostrada Wielkopolska II\" SA","Forma prawna":"spółki akcyjne"},{"Firma (nazwa)":"W. Legutko Przedsiębiorstwo Hodowlano - Nasienne sp. z o.o.","Forma prawna":"spółki z ograniczoną odpowiedzialnością"},{"Firma (nazwa)":"Delik sp.j.","Forma prawna":"spółki jawne"},{"Firma (nazwa)":"Wolspedtrans sp. z o.o.","Forma prawna":"spółki z ograniczoną odpowiedzialnością"},{"Firma (nazwa)":"Yanosik SA","Forma prawna":"spółki akcyjne"},{"Firma (nazwa)":"Grupa Karlik sp.j.","Forma prawna":"spółki jawne"},{"Firma (nazwa)":"Paula Ingredients sp. z o.o.","Forma prawna":"spółki z ograniczoną odpowiedzialnością"},{"Firma (nazwa)":"Voestalpine Fastening Systems sp. z o.o.","Forma prawna":"spółki z ograniczoną odpowiedzialnością"},{"Firma (nazwa)":"Pds Logistics sp. z o.o.","Forma prawna":"spółki z ograniczoną odpowiedzialnością"},{"Firma (nazwa)":"Przedsiębiorstwo Budownictwa Inżynieryjnego \"Budinż\" sp. z o.o.","Forma prawna":"spółki z ograniczoną odpowiedzialnością"},{"Firma (nazwa)":"Coccodrillo Concepts sp. z o.o.","Forma prawna":"spółki z ograniczoną odpowiedzialnością"},{"Firma (nazwa)":"Ando Tech sp. z o.o.","Forma prawna":"spółki z ograniczoną odpowiedzialnością"},{"Firma (nazwa)":"Agencja Pracy Tymczasowej Lespin sp. z o.o.","Forma prawna":"spółki z ograniczoną odpowiedzialnością"},{"Firma (nazwa)":"\"Prefbau\" sp. z o.o.","Forma prawna":"spółki z ograniczoną odpowiedzialnością"},{"Firma (nazwa)":"\"United Petfood Polska\" sp. z o.o.","Forma prawna":"spółki z ograniczoną odpowiedzialnością"},{"Firma (nazwa)":"\"Walbet\" A.D.K. Walkowiak sp.k.","Forma prawna":"spółki komandytowe"},{"Firma (nazwa)":"Przedsiębiorstwo \"Kamiński\" Małgorzata Kamińska - sp.j.","Forma prawna":"spółki jawne"},{"Firma (nazwa)":"Wytwórnia Pasz \"Lira\" sp. z o.o.","Forma prawna":"spółki z ograniczoną odpowiedzialnością"},{"Firma (nazwa)":"Kompostpal Poland sp. z o.o.","Forma prawna":"spółki z ograniczoną odpowiedzialnością"},{"Firma (nazwa)":"Lespin sp. z o.o.","Forma prawna":"spółki z ograniczoną odpowiedzialnością"},{"Firma (nazwa)":"Fks Okucia Okienne i Drzwiowe sp. z o.o.","Forma prawna":"spółki z ograniczoną odpowiedzialnością"},{"Firma (nazwa)":"Mac-Trans sp. z o.o.","Forma prawna":"spółki z ograniczoną odpowiedzialnością"},{"Firma (nazwa)":"Nico Meble sp. z o.o. sp.k.","Forma prawna":"spółki komandytowe"},{"Firma (nazwa)":"Przedsiębiorstwo Wielobranżowe \"Alicja\" sp. z o.o.","Forma prawna":"spółki z ograniczoną odpowiedzialnością"},{"Firma (nazwa)":"Glinkowski sp. z o.o.","Forma prawna":"spółki z ograniczoną odpowiedzialnością"},{"Firma (nazwa)":"Przedsiębiorstwo Drogowe \"Drogbud\" - Gostyń sp. z o.o.","Forma prawna":"spółki z ograniczoną odpowiedzialnością"},{"Firma (nazwa)":"Turbańscy sp. z o.o.","Forma prawna":"spółki z ograniczoną odpowiedzialnością"},{"Firma (nazwa)":"\"Szalkowski\" sp.j.","Forma prawna":"spółki jawne"},{"Firma (nazwa)":"Aalberts Hydronic Flow Control sp. z o.o.","Forma prawna":"spółki z ograniczoną odpowiedzialnością"},{"Firma (nazwa)":"Agencja Ochrony \"Pewność\" sp. z o.o.","Forma prawna":"spółki z ograniczoną odpowiedzialnością"},{"Firma (nazwa)":"Matt R.P. Trączyńscy sp.j.","Forma prawna":"spółki jawne"},{"Firma (nazwa)":"\"Ferrpol Bracia Matuszewscy\" sp. z o.o.","Forma prawna":"spółki z ograniczoną odpowiedzialnością"},{"Firma (nazwa)":"Meprozet Kościan SA","Forma prawna":"spółki akcyjne"},{"Firma (nazwa)":"Metalchem - Kościan sp. z o.o.","Forma prawna":"spółki z ograniczoną odpowiedzialnością"},{"Firma (nazwa)":"Ciesiółka Auto Group sp.j.","Forma prawna":"spółki jawne"},{"Firma (nazwa)":"\"Danko\" Hodowla Roślin sp. z o.o.","Forma prawna":"spółki z ograniczoną odpowiedzialnością"},{"Firma (nazwa)":"Jamalex sp. z o.o.","Forma prawna":"spółki z ograniczoną odpowiedzialnością"},{"Firma (nazwa)":"Cdrl SA","Forma prawna":"spółki akcyjne"},{"Firma (nazwa)":"Spinko sp. z o.o.","Forma prawna":"spółki z ograniczoną odpowiedzialnością"},{"Firma (nazwa)":"\"Investbud - 3\" sp. z o.o.","Forma prawna":"spółki z ograniczoną odpowiedzialnością"},{"Firma (nazwa)":"Kaliszewski Wojciech \"Osiedle Bartoszów\" - Wspólnik s.c.","Forma prawna":"osoby fizyczne prowadzące działalność gospodarczą"},{"Firma (nazwa)":"Piekarnia Walenciak sp. z o.o.","Forma prawna":"spółki z ograniczoną odpowiedzialnością"},{"Firma (nazwa)":"Astromal sp. z o.o. sp.k.","Forma prawna":"spółki komandytowe"},{"Firma (nazwa)":"Rawicka Fabryka Wyposażenia Wagonów \"Rawag\" sp. z o.o.","Forma prawna":"spółki z ograniczoną odpowiedzialnością"},{"Firma (nazwa)":"Eurostair Polska sp. z o.o.","Forma prawna":"spółki z ograniczoną odpowiedzialnością"},{"Firma (nazwa)":"Pst Juna Trans sp. z o.o.","Forma prawna":"spółki z ograniczoną odpowiedzialnością"},{"Firma (nazwa)":"Rawibox sp. z o.o.","Forma prawna":"spółki z ograniczoną odpowiedzialnością"},{"Firma (nazwa)":"Domex Home sp. z o.o.","Forma prawna":"spółki z ograniczoną odpowiedzialnością"},{"Firma (nazwa)":"Folplast sp. z o.o.","Forma prawna":"spółki z ograniczoną odpowiedzialnością"},{"Firma (nazwa)":"\"Przedsiębiorstwo Wielobranżowe Krystyna Kubinka, Roman Kubinka\" - sp.j.","Forma prawna":"spółki jawne"},{"Firma (nazwa)":"Cukiernia \"U Kowolki\" s.c. Roman Górniak, Stanislaw Krystek, Leszno","Forma prawna":"spółki cywilne prowadzące działalność na podstawie umowy zawartej zgodnie z Kodeksem cywilnym"},{"Firma (nazwa)":"\"Piórex\" SA","Forma prawna":"spółki akcyjne"},{"Firma (nazwa)":"Przedsiębiorstwo Produkcji Sprężarek \"Airpol\" sp. z o.o.","Forma prawna":"spółki z ograniczoną odpowiedzialnością"},{"Firma (nazwa)":"\"Sas\" sp. z o.o.","Forma prawna":"spółki z ograniczoną odpowiedzialnością"},{"Firma (nazwa)":"Fabryka Mebli \"Wiza\" Grzegorz i Elżbieta Wiśniewscy sp.j.","Forma prawna":"spółki jawne"},{"Firma (nazwa)":"\"Systherm Chłodnictwo i Klimatyzacja\" sp. z o.o.","Forma prawna":"spółki z ograniczoną odpowiedzialnością"},{"Firma (nazwa)":"Przedsiębiorstwo Handlowe \"Waldi\" sp. z o.o.","Forma prawna":"spółki z ograniczoną odpowiedzialnością"},{"Firma (nazwa)":"Przedsiębiorstwo Handlowo-Usługowe \"Nord-Poz\" sp. z o.o.","Forma prawna":"spółki z ograniczoną odpowiedzialnością"},{"Firma (nazwa)":"Inox W. Nawrocki Z. Januszewski sp.j.","Forma prawna":"spółki jawne"},{"Firma (nazwa)":"Paw Druk sp. z o.o.","Forma prawna":"spółki z ograniczoną odpowiedzialnością"},{"Firma (nazwa)":"Przedsiębiorstwo Obrotu i Fabrykacji Artykułów Medycznych \"Pofam-Poznań\" sp. z o.o.","Forma prawna":"spółki z ograniczoną odpowiedzialnością"},{"Firma (nazwa)":"\"Mol\" sp. z o.o.","Forma prawna":"spółki z ograniczoną odpowiedzialnością"},{"Firma (nazwa)":"Derform sp. z o.o.","Forma prawna":"spółki z ograniczoną odpowiedzialnością"},{"Firma (nazwa)":"Celtech sp. z o.o.","Forma prawna":"spółki z ograniczoną odpowiedzialnością"},{"Firma (nazwa)":"Business Group sp. z o.o.","Forma prawna":"spółki z ograniczoną odpowiedzialnością"},{"Firma (nazwa)":"Zakład Poligraficzny Pol-Mak sp. z o.o.","Forma prawna":"spółki z ograniczoną odpowiedzialnością"},{"Firma (nazwa)":"Asta-Net SA","Forma prawna":"spółki akcyjne"},{"Firma (nazwa)":"Przedsiębiorstwo Produkcyjno - Handlowe \"Be-St\" M. Strzelbicki sp.j.","Forma prawna":"spółki jawne"},{"Firma (nazwa)":"Pactor sp. z o.o.","Forma prawna":"spółki z ograniczoną odpowiedzialnością"},{"Firma (nazwa)":"Konar W. Jeziorecki R. Jeziorecka sp. z o.o.","Forma prawna":"spółki z ograniczoną odpowiedzialnością"},{"Firma (nazwa)":"\"Wydawnictwo Poznańskie\" sp. z o.o.","Forma prawna":"spółki z ograniczoną odpowiedzialnością"},{"Firma (nazwa)":"\"Technika Spawalnicza\" sp. z o.o.","Forma prawna":"spółki z ograniczoną odpowiedzialnością"},{"Firma (nazwa)":"\"Ars Medical\" sp. z o.o.","Forma prawna":"spółki z ograniczoną odpowiedzialnością"},{"Firma (nazwa)":"Przedsiębiorstwo Handlowe \"Agroma\" SA w Poznaniu","Forma prawna":"spółki akcyjne"},{"Firma (nazwa)":"Przedsiębiorstwo Produkcyjno-Handlowe \"Swalen\" L. Nowicki R. Nowicki sp.j.","Forma prawna":"spółki jawne"},{"Firma (nazwa)":"Kopras sp. z o.o.","Forma prawna":"spółki z ograniczoną odpowiedzialnością"},{"Firma (nazwa)":"\"Pro - Mar\" SA","Forma prawna":"spółki akcyjne"},{"Firma (nazwa)":"\"Schulz Infoprod\" sp. z o.o.","Forma prawna":"spółki z ograniczoną odpowiedzialnością"},{"Firma (nazwa)":"Parkiety G.J. sp. z o.o. sp.k.","Forma prawna":"spółki komandytowe"},{"Firma (nazwa)":"Instytut Marketingu i Komunikacji \"Inmark\" M. Winkler - sp.k.","Forma prawna":"spółki komandytowe"},{"Firma (nazwa)":"Victoria sp. z o.o. sp.k.","Forma prawna":"spółki komandytowe"},{"Firma (nazwa)":"Itti sp. z o.o.","Forma prawna":"spółki z ograniczoną odpowiedzialnością"},{"Firma (nazwa)":"A.B. Spedtrans s.c. Bartosz Nowaczyk, Andrzej Nowaczyk","Forma prawna":"spółki cywilne prowadzące działalność na podstawie umowy zawartej zgodnie z Kodeksem cywilnym"},{"Firma (nazwa)":"Novago Złotów sp. z o.o.","Forma prawna":"spółki z ograniczoną odpowiedzialnością"},{"Firma (nazwa)":"IT. Integro sp. z o.o.","Forma prawna":"spółki z ograniczoną odpowiedzialnością"},{"Firma (nazwa)":"Przedsiębiorstwo Handlowo Usługowo Spedycyjne Export-Import \"Transpil-Spedition\" Waldemar Bocheński","Forma prawna":"osoby fizyczne prowadzące działalność gospodarczą"},{"Firma (nazwa)":"Gospodarstwo Rolne Waldemar Bocheński","Forma prawna":"osoby fizyczne prowadzące działalność gospodarczą"},{"Firma (nazwa)":"\"Collection Ab\" sp. z o.o.","Forma prawna":"spółki z ograniczoną odpowiedzialnością"},{"Firma (nazwa)":"\"Amica SA\"","Forma prawna":"spółki akcyjne"},{"Firma (nazwa)":"\"Log - Way - Solution\" sp. z o.o.","Forma prawna":"spółki z ograniczoną odpowiedzialnością"},{"Firma (nazwa)":"Yes Biżuteria SA","Forma prawna":"spółki akcyjne"},{"Firma (nazwa)":"\"Metpol\" sp. z o.o.","Forma prawna":"spółki z ograniczoną odpowiedzialnością"},{"Firma (nazwa)":"Zakład Robót Komunikacyjnych - Dom w Poznaniu sp. z o.o.","Forma prawna":"spółki z ograniczoną odpowiedzialnością"},{"Firma (nazwa)":"Paw sp. z o.o.","Forma prawna":"spółki z ograniczoną odpowiedzialnością"},{"Firma (nazwa)":"Dynaxo sp. z o.o.","Forma prawna":"spółki z ograniczoną odpowiedzialnością"},{"Firma (nazwa)":"\"Bednarek Transport\" sp.j.","Forma prawna":"spółki jawne"},{"Firma (nazwa)":"Biuro Studiów i Projektów Energetycznych \"Energoprojekt Poznań\" SA","Forma prawna":"spółki akcyjne"},{"Firma (nazwa)":"\"Steelpress\" sp. z o.o.","Forma prawna":"spółki z ograniczoną odpowiedzialnością"},{"Firma (nazwa)":"Przedsiębiorstwo Produkcyjno-Usługowe \"Inbudex\" SA","Forma prawna":"spółki akcyjne"},{"Firma (nazwa)":"\"Tb Hydro\" sp. z o.o.","Forma prawna":"spółki z ograniczoną odpowiedzialnością"},{"Firma (nazwa)":"\"Multistal & Lohmann\" sp. z o.o.","Forma prawna":"spółki z ograniczoną odpowiedzialnością"},{"Firma (nazwa)":"\"Utal\" sp. z o.o.","Forma prawna":"spółki z ograniczoną odpowiedzialnością"},{"Firma (nazwa)":"\"Edukacja Lubasz\" sp. z o.o.","Forma prawna":"spółki z ograniczoną odpowiedzialnością"},{"Firma (nazwa)":"Europol Meble Polska sp. z o.o. sp.k.","Forma prawna":"spółki komandytowe"},{"Firma (nazwa)":"Agro - Trade sp. z o.o.","Forma prawna":"spółki z ograniczoną odpowiedzialnością"},{"Firma (nazwa)":"Belin Poland sp. z o.o.","Forma prawna":"spółki z ograniczoną odpowiedzialnością"},{"Firma (nazwa)":"Gerlach sp. z o.o.","Forma prawna":"spółki z ograniczoną odpowiedzialnością"},{"Firma (nazwa)":"Pbg SA w Restrukturyzacji w likwidacji","Forma prawna":"spółki akcyjne"},{"Firma (nazwa)":"Przedsiębiorstwo Produkcyjno-Handlowo-Usługowe Spawstal sp. z o.o.","Forma prawna":"spółki z ograniczoną odpowiedzialnością"},{"Firma (nazwa)":"Media Rodzina sp. z o.o.","Forma prawna":"spółki z ograniczoną odpowiedzialnością"},{"Firma (nazwa)":"Przedsiębiorstwo Specjalistyczne \"Ajaks\" SA","Forma prawna":"spółki akcyjne"},{"Firma (nazwa)":"\"Inter-Gumi\" Małgorzata Murkowska, Janusz Murkowski sp.j.","Forma prawna":"spółki jawne"},{"Firma (nazwa)":"\"Rawit W. Warlich i Wspólnicy sp.j.\"","Forma prawna":"spółki jawne"},{"Firma (nazwa)":"Nesc sp. z o.o.","Forma prawna":"spółki z ograniczoną odpowiedzialnością"},{"Firma (nazwa)":"\"Inter - Consult\" SA","Forma prawna":"spółki akcyjne"},{"Firma (nazwa)":"Poznańska Hodowla Roślin sp. z o.o.","Forma prawna":"spółki z ograniczoną odpowiedzialnością"},{"Firma (nazwa)":"Rogstol sp. z o.o.","Forma prawna":"spółki z ograniczoną odpowiedzialnością"},{"Firma (nazwa)":"Zespół Prywatnych Szkół Teresa Przybyszewska","Forma prawna":"osoby fizyczne prowadzące działalność gospodarczą"},{"Firma (nazwa)":"Topmet Light Kłosowicz Wiśniewski sp. z o.o.","Forma prawna":"spółki z ograniczoną odpowiedzialnością"},{"Firma (nazwa)":"Odlewnia Żeliwa \"Drawski\" SA","Forma prawna":"spółki akcyjne"},{"Firma (nazwa)":"Kabat Tyre sp. z o.o.","Forma prawna":"spółki z ograniczoną odpowiedzialnością"},{"Firma (nazwa)":"\"Dora Metal\" sp. z o.o.","Forma prawna":"spółki z ograniczoną odpowiedzialnością"},{"Firma (nazwa)":"\"Consiglio International sp. z o.o.","Forma prawna":"spółki z ograniczoną odpowiedzialnością"},{"Firma (nazwa)":"Rolf sp. z o.o.","Forma prawna":"spółki z ograniczoną odpowiedzialnością"},{"Firma (nazwa)":"Przedsiębiorstwo Produkcyjno-Usługowo-Handlowe \"Aleksandra\" sp. z o.o.","Forma prawna":"spółki z ograniczoną odpowiedzialnością"},{"Firma (nazwa)":"Systherm Info sp. z o.o.","Forma prawna":"spółki z ograniczoną odpowiedzialnością"},{"Firma (nazwa)":"\"Kontra\" Przedsiębiorstwo Handlowo-Usługowe Magdalena Kaczmarek Piotr Kaczmarek sp.j.","Forma prawna":"spółki jawne"},{"Firma (nazwa)":"Wągrowieckie Fabryki Mebli sp. z o.o.","Forma prawna":"spółki z ograniczoną odpowiedzialnością"},{"Firma (nazwa)":"Kawomat sp. z o.o.","Forma prawna":"spółki z ograniczoną odpowiedzialnością"},{"Firma (nazwa)":"\"Konsorcjum Fen\" sp. z o.o.","Forma prawna":"spółki z ograniczoną odpowiedzialnością"},{"Firma (nazwa)":"Przedsiębiorstwo Motoryzacyjne \"Pol - Car\" sp. z o.o.","Forma prawna":"spółki z ograniczoną odpowiedzialnością"},{"Firma (nazwa)":"Hansa-Flex sp. z o.o.","Forma prawna":"spółki z ograniczoną odpowiedzialnością"},{"Firma (nazwa)":"Mpt \"Pik\" Grzegorz Kasprowicz, Piotr Kasprowicz, Błażej Pawłowski sp.j.","Forma prawna":"spółki jawne"},{"Firma (nazwa)":"Wuprinż SA","Forma prawna":"spółki akcyjne"},{"Firma (nazwa)":"\"Firma Michałowski\" Henryk Michałowski sp.k.","Forma prawna":"spółki komandytowe"},{"Firma (nazwa)":"Kmk Agro D. Kaźmierczak C. Mądry M. Kaźmierczak sp.j.","Forma prawna":"spółki jawne"},{"Firma (nazwa)":"Przedsiębiorstwo Handlowe Miłek sp.j. Miłek Mirosław","Forma prawna":"spółki jawne"},{"Firma (nazwa)":"Przedsiębiorstwo Wodociągów i Kanalizacji w Obornikach sp. z o.o.","Forma prawna":"spółki z ograniczoną odpowiedzialnością"},{"Firma (nazwa)":"\"Ever\" sp. z o.o.","Forma prawna":"spółki z ograniczoną odpowiedzialnością"},{"Firma (nazwa)":"\"Radaway\" sp. z o.o.","Forma prawna":"spółki z ograniczoną odpowiedzialnością"},{"Firma (nazwa)":"Ofix Lewandowski sp. z o.o.","Forma prawna":"spółki z ograniczoną odpowiedzialnością"},{"Firma (nazwa)":"\"Pil-Building\" sp. z o.o.","Forma prawna":"spółki z ograniczoną odpowiedzialnością"},{"Firma (nazwa)":"\"Medivet\" SA","Forma prawna":"spółki akcyjne"},{"Firma (nazwa)":"Universal Transport Polska sp. z o.o.","Forma prawna":"spółki z ograniczoną odpowiedzialnością"},{"Firma (nazwa)":"Mdm-Druk sp. z o.o. sp.k.","Forma prawna":"spółki komandytowe"},{"Firma (nazwa)":"\"Auto Watin\" sp.j., Waldemar Zalaszewski, Adam Zalaszewski i Wojciech Zalaszewski","Forma prawna":"spółki jawne"},{"Firma (nazwa)":"Polanex sp. z o.o.","Forma prawna":"spółki z ograniczoną odpowiedzialnością"},{"Firma (nazwa)":"Plastrol sp. z o.o.","Forma prawna":"spółki z ograniczoną odpowiedzialnością"},{"Firma (nazwa)":"Zakłady Usługowe Zachód sp. z o.o.","Forma prawna":"spółki z ograniczoną odpowiedzialnością"},{"Firma (nazwa)":"Santander Towarzystwo Funduszy Inwestycyjnych SA","Forma prawna":"spółki akcyjne"},{"Firma (nazwa)":"Wytwórnia Sprzętu Komunikacyjnego - Poznań sp. z o.o.","Forma prawna":"spółki z ograniczoną odpowiedzialnością"},{"Firma (nazwa)":"\"Kruszgeo\" - Wielkopolskie Kopalnie sp. z o.o.","Forma prawna":"spółki z ograniczoną odpowiedzialnością"},{"Firma (nazwa)":"Wytwórnia Papieru Toaletowego \"Eko-Klan\" sp. z o.o.","Forma prawna":"spółki z ograniczoną odpowiedzialnością"},{"Firma (nazwa)":"Bimex Anna Rogozińska, Grażyna Nowak sp.j.","Forma prawna":"spółki jawne"},{"Firma (nazwa)":"\"Griltex Polska\" sp. z o.o.","Forma prawna":"spółki z ograniczoną odpowiedzialnością"},{"Firma (nazwa)":"\"Karlik Elektrotechnik\" sp. z o.o.","Forma prawna":"spółki z ograniczoną odpowiedzialnością"},{"Firma (nazwa)":"Pfeifer & Langen Polska SA","Forma prawna":"spółki akcyjne"},{"Firma (nazwa)":"Jestic Cykowiak sp. z o.o.","Forma prawna":"spółki z ograniczoną odpowiedzialnością"},{"Firma (nazwa)":"Stolpol sp. z o.o.","Forma prawna":"spółki z ograniczoną odpowiedzialnością"},{"Firma (nazwa)":"Przedsiębiorstwo Produkcyjno-Handlowe Agropol sp. z o.o.","Forma prawna":"spółki z ograniczoną odpowiedzialnością"},{"Firma (nazwa)":"Gummi-Welz Polen sp. z o.o.","Forma prawna":"spółki z ograniczoną odpowiedzialnością"},{"Firma (nazwa)":"Defor SA","Forma prawna":"spółki akcyjne"},{"Firma (nazwa)":"\"Karlik\" sp.j.","Forma prawna":"spółki jawne"},{"Firma (nazwa)":"\"Medipom\" Andrzej Przybylski - Wojciech Nowacki sp.k.","Forma prawna":"spółki komandytowe"},{"Firma (nazwa)":"Lafrentz Polska sp. z o.o.","Forma prawna":"spółki z ograniczoną odpowiedzialnością"},{"Firma (nazwa)":"Prestige SA","Forma prawna":"spółki akcyjne"},{"Firma (nazwa)":"\"Grapil\" - Grażyna Sobieraj - sp.j.","Forma prawna":"spółki jawne"},{"Firma (nazwa)":"Molero sp. z o.o.","Forma prawna":"spółki z ograniczoną odpowiedzialnością"},{"Firma (nazwa)":"Wechta Inwestycje sp. z o.o.","Forma prawna":"spółki z ograniczoną odpowiedzialnością"},{"Firma (nazwa)":"Korbanek sp. z o.o.","Forma prawna":"spółki z ograniczoną odpowiedzialnością"},{"Firma (nazwa)":"Paletten - Metalbox sp. z o.o.","Forma prawna":"spółki z ograniczoną odpowiedzialnością"},{"Firma (nazwa)":"\"Dutch Trade\" sp. z o.o.","Forma prawna":"spółki z ograniczoną odpowiedzialnością"},{"Firma (nazwa)":"\"Termedia\" sp. z o.o.","Forma prawna":"spółki z ograniczoną odpowiedzialnością"},{"Firma (nazwa)":"Aesculap Chifa sp. z o.o.","Forma prawna":"spółki z ograniczoną odpowiedzialnością"},{"Firma (nazwa)":"\"Matex\" sp. z o.o.","Forma prawna":"spółki z ograniczoną odpowiedzialnością"},{"Firma (nazwa)":"Dalpo Poznań sp. z o.o. sp.k.","Forma prawna":"spółki komandytowe"},{"Firma (nazwa)":"\"Unimetal\" sp. z o.o. w Złotowie","Forma prawna":"spółki z ograniczoną odpowiedzialnością"},{"Firma (nazwa)":"Przedsiębiorstwo Komunikacji Samochodowej sp. z o.o. w Pile","Forma prawna":"spółki z ograniczoną odpowiedzialnością"},{"Firma (nazwa)":"Poj-Kon sp. z o.o.","Forma prawna":"spółki z ograniczoną odpowiedzialnością"},{"Firma (nazwa)":"Przedsiębiorstwo Produkcyjno - Handlowo - Usługowe \"Rowitex\" sp. z o.o.","Forma prawna":"spółki z ograniczoną odpowiedzialnością"},{"Firma (nazwa)":"Ela-Compil sp. z o.o.","Forma prawna":"spółki z ograniczoną odpowiedzialnością"},{"Firma (nazwa)":"\"Hbz Meble\" sp. z o.o.","Forma prawna":"spółki z ograniczoną odpowiedzialnością"},{"Firma (nazwa)":"Knott sp. z o.o.","Forma prawna":"spółki z ograniczoną odpowiedzialnością"},{"Firma (nazwa)":"Centrum Kształcenia \"Nauka\" sp. z o.o.","Forma prawna":"spółki z ograniczoną odpowiedzialnością"},{"Firma (nazwa)":"Przedsiębiorstwo Handlowo - Usługowe \"Jawi\" sp. z o.o.","Forma prawna":"spółki z ograniczoną odpowiedzialnością"},{"Firma (nazwa)":"Bentom SA","Forma prawna":"spółki akcyjne"},{"Firma (nazwa)":"\"Sumin\" D. Czabańska, W. Czabański i Wspólnicy sp.j.","Forma prawna":"spółki jawne"},{"Firma (nazwa)":"\"Dagat-Eco\" sp. z o.o.","Forma prawna":"spółki z ograniczoną odpowiedzialnością"},{"Firma (nazwa)":"Przedsiębiorstwo Wielobranżowe \"Komplexmłyn\" sp. z o.o.","Forma prawna":"spółki z ograniczoną odpowiedzialnością"},{"Firma (nazwa)":"Promonotes sp. z o.o.","Forma prawna":"spółki z ograniczoną odpowiedzialnością"},{"Firma (nazwa)":"Przedsiębiorstwo Produkcji Betonów i Montaży \"Betomont\" sp. z o.o.","Forma prawna":"spółki z ograniczoną odpowiedzialnością"},{"Firma (nazwa)":"\"Merx Polska\" sp. z o.o.","Forma prawna":"spółki z ograniczoną odpowiedzialnością"},{"Firma (nazwa)":"Veolia Ekozec sp. z o.o.","Forma prawna":"spółki z ograniczoną odpowiedzialnością"},{"Firma (nazwa)":"Przedsiębiorstwo Wielobranżowe \"Wista\" Witt i Wspólnicy sp.j.","Forma prawna":"spółki jawne"},{"Firma (nazwa)":"Fenix - Krzysztof Polc, Mariola Polc sp.j.","Forma prawna":"spółki jawne"},{"Firma (nazwa)":"Systherm Danuta Gazińska sp.j.","Forma prawna":"spółki jawne"},{"Firma (nazwa)":"Poznańska Korporacja Budowlana Pekabex SA","Forma prawna":"spółki akcyjne"},{"Firma (nazwa)":"\"Metal Work Polska\" sp. z o.o.","Forma prawna":"spółki z ograniczoną odpowiedzialnością"},{"Firma (nazwa)":"\"Pik-Up\" Józef Kot i Jerzy Pierko sp.j.","Forma prawna":"spółki jawne"},{"Firma (nazwa)":"\"Galwano - Perfekt\" sp. z o.o. sp.k.","Forma prawna":"spółki komandytowe"},{"Firma (nazwa)":"\"Icon Consulting Group\" sp. z o.o.","Forma prawna":"spółki z ograniczoną odpowiedzialnością"},{"Firma (nazwa)":"Guma Wicherek sp. z o.o. sp.k.","Forma prawna":"spółki komandytowe"},{"Firma (nazwa)":"Ims Glass-Decor sp. z o.o.","Forma prawna":"spółki z ograniczoną odpowiedzialnością"},{"Firma (nazwa)":"\"Zakład Sprzątania Placów i Ulic\" Mielczarek, Sobański sp.j.","Forma prawna":"spółki jawne"},{"Firma (nazwa)":"Agencja \"Secura - Security\" Wiesław Bartkowiak, Wiesław Święcichowski sp.j.","Forma prawna":"spółki jawne"},{"Firma (nazwa)":"Rem-Pol sp. z o.o.","Forma prawna":"spółki z ograniczoną odpowiedzialnością"},{"Firma (nazwa)":"Printxl sp. z o.o.","Forma prawna":"spółki z ograniczoną odpowiedzialnością"},{"Firma (nazwa)":"\"Quay\" Biuro Handlowo - Usługowe sp. z o.o.","Forma prawna":"spółki z ograniczoną odpowiedzialnością"},{"Firma (nazwa)":"Argenta sp. z o.o.","Forma prawna":"spółki z ograniczoną odpowiedzialnością"},{"Firma (nazwa)":"Złotowskie Przedsiębiorstwo Ogrodnicze sp. z o.o.","Forma prawna":"spółki z ograniczoną odpowiedzialnością"},{"Firma (nazwa)":"Sklepy Spożywcze Krzysztof Kula sp.j.","Forma prawna":"spółki jawne"},{"Firma (nazwa)":"\"Wielkopolska Telewizja Kablowa\" sp. z o.o.","Forma prawna":"spółki z ograniczoną odpowiedzialnością"},{"Firma (nazwa)":"Meramont SA","Forma prawna":"spółki akcyjne"},{"Firma (nazwa)":"Inter - Lers sp. z o.o.","Forma prawna":"spółki z ograniczoną odpowiedzialnością"},{"Firma (nazwa)":"Romwit Polska sp. z o.o.","Forma prawna":"spółki z ograniczoną odpowiedzialnością"},{"Firma (nazwa)":"Recykl Organizacja Odzysku SA","Forma prawna":"spółki akcyjne"},{"Firma (nazwa)":"Centrum Medyczne Hcp sp. z o.o.","Forma prawna":"spółki z ograniczoną odpowiedzialnością"},{"Firma (nazwa)":"Przedsiębiorstwo Handlowo - Usługowe \"Mik\" Piosik sp.j.","Forma prawna":"spółki jawne"},{"Firma (nazwa)":"Avi-Vet Service Mamczur i Wspólnicy sp.k.","Forma prawna":"spółki komandytowe"},{"Firma (nazwa)":"Grausch i Grausch Maszyny Budowlane sp. z o.o.","Forma prawna":"spółki z ograniczoną odpowiedzialnością"},{"Firma (nazwa)":"Ita sp. z o.o. sp.k.","Forma prawna":"spółki komandytowe"},{"Firma (nazwa)":"Materiały Budowlane AW Wesołek sp. z o.o. sp.k.","Forma prawna":"spółki komandytowe"},{"Firma (nazwa)":"\"Pieluszyńska\" sp. z o.o.","Forma prawna":"spółki z ograniczoną odpowiedzialnością"},{"Firma (nazwa)":"\"Rodan\" sp. z o.o.","Forma prawna":"spółki z ograniczoną odpowiedzialnością"},{"Firma (nazwa)":"\"Ecor Product\" sp. z o.o.","Forma prawna":"spółki z ograniczoną odpowiedzialnością"},{"Firma (nazwa)":"Salvita sp. z o.o.","Forma prawna":"spółki z ograniczoną odpowiedzialnością"},{"Firma (nazwa)":"Carry sp. z o.o.","Forma prawna":"spółki z ograniczoną odpowiedzialnością"},{"Firma (nazwa)":"Vmg Print sp. z o.o.","Forma prawna":"spółki z ograniczoną odpowiedzialnością"},{"Firma (nazwa)":"Consdata SA","Forma prawna":"spółki akcyjne"},{"Firma (nazwa)":"Gpi Poznań sp. z o.o.","Forma prawna":"spółki z ograniczoną odpowiedzialnością"},{"Firma (nazwa)":"Napena sp. z o.o.","Forma prawna":"spółki z ograniczoną odpowiedzialnością"},{"Firma (nazwa)":"Jantex Polska sp. z o.o.","Forma prawna":"spółki z ograniczoną odpowiedzialnością"},{"Firma (nazwa)":"\"Euro Mebel\" sp. z o.o.","Forma prawna":"spółki z ograniczoną odpowiedzialnością"},{"Firma (nazwa)":"\"Elcom Propack\" sp. z o.o.","Forma prawna":"spółki z ograniczoną odpowiedzialnością"},{"Firma (nazwa)":"„Awijar” sp. z o.o.","Forma prawna":"spółki z ograniczoną odpowiedzialnością"},{"Firma (nazwa)":"Terlan SA","Forma prawna":"spółki akcyjne"},{"Firma (nazwa)":"Work Glob sp. z o.o.","Forma prawna":"spółki z ograniczoną odpowiedzialnością"},{"Firma (nazwa)":"Firma Gibowski sp. z o.o.","Forma prawna":"spółki z ograniczoną odpowiedzialnością"},{"Firma (nazwa)":"Ekos Poznań sp. z o.o.","Forma prawna":"spółki z ograniczoną odpowiedzialnością"},{"Firma (nazwa)":"Primesoft Polska sp. z o.o.","Forma prawna":"spółki z ograniczoną odpowiedzialnością"},{"Firma (nazwa)":"Mat - Oil sp. z o.o.","Forma prawna":"spółki z ograniczoną odpowiedzialnością"},{"Firma (nazwa)":"\"Lena Lighting\" SA","Forma prawna":"spółki akcyjne"},{"Firma (nazwa)":"\"Lexpas\" sp. z o.o.","Forma prawna":"spółki z ograniczoną odpowiedzialnością"},{"Firma (nazwa)":"\"Argip\" sp. z o.o.","Forma prawna":"spółki z ograniczoną odpowiedzialnością"},{"Firma (nazwa)":"Komputronik SA","Forma prawna":"spółki akcyjne"},{"Firma (nazwa)":"\"Victor Ink - Jet - System Service\" sp. z o.o.","Forma prawna":"spółki z ograniczoną odpowiedzialnością"},{"Firma (nazwa)":"\"Agrochest\" sp. z o.o.","Forma prawna":"spółki z ograniczoną odpowiedzialnością"},{"Firma (nazwa)":"\"Holicon\" sp. z o.o.","Forma prawna":"spółki z ograniczoną odpowiedzialnością"},{"Firma (nazwa)":"Biuro Projektowo Wykonawcze \"Energotelprojekt\" sp. z o.o.","Forma prawna":"spółki z ograniczoną odpowiedzialnością"},{"Firma (nazwa)":"\"Trade Partner\" SA","Forma prawna":"spółki akcyjne"},{"Firma (nazwa)":"\"Lenrok\" sp. z o.o.","Forma prawna":"spółki z ograniczoną odpowiedzialnością"},{"Firma (nazwa)":"\"Dbl Poznań Wynajem Odzieży Roboczej \" sp. z o.o.","Forma prawna":"spółki z ograniczoną odpowiedzialnością"},{"Firma (nazwa)":"Krzys - Pol sp. z o.o.","Forma prawna":"spółki z ograniczoną odpowiedzialnością"},{"Firma (nazwa)":"Bumadex sp. z o.o.","Forma prawna":"spółki z ograniczoną odpowiedzialnością"},{"Firma (nazwa)":"\"Rck Biuro Inżynierskie\" sp. z o.o.","Forma prawna":"spółki z ograniczoną odpowiedzialnością"},{"Firma (nazwa)":"Firma Karlik sp. z o.o.","Forma prawna":"spółki z ograniczoną odpowiedzialnością"},{"Firma (nazwa)":"\"Forcom\" sp. z o.o.","Forma prawna":"spółki z ograniczoną odpowiedzialnością"},{"Firma (nazwa)":"\"Ekolab\" sp. z o.o.","Forma prawna":"spółki z ograniczoną odpowiedzialnością"},{"Firma (nazwa)":"Okechamp SA","Forma prawna":"spółki akcyjne"},{"Firma (nazwa)":"Fabryka Armatur \"Swarzędz\" sp. z o.o.","Forma prawna":"spółki z ograniczoną odpowiedzialnością"},{"Firma (nazwa)":"Balda sp. z o.o.","Forma prawna":"spółki z ograniczoną odpowiedzialnością"},{"Firma (nazwa)":"Donauchem Polska sp. z o.o.","Forma prawna":"spółki z ograniczoną odpowiedzialnością"},{"Firma (nazwa)":"Nordzucker Polska SA","Forma prawna":"spółki akcyjne"},{"Firma (nazwa)":"Fludra sp. z o.o.","Forma prawna":"spółki z ograniczoną odpowiedzialnością"},{"Firma (nazwa)":"Giszter sp. z o.o.","Forma prawna":"spółki z ograniczoną odpowiedzialnością"},{"Firma (nazwa)":"\"Piotr i Paweł Plus\" sp. z o.o.","Forma prawna":"spółki z ograniczoną odpowiedzialnością"},{"Firma (nazwa)":"Wyrób Lamp i Wystrój Wnętrz s.c.","Forma prawna":"spółki cywilne prowadzące działalność na podstawie umowy zawartej zgodnie z Kodeksem cywilnym"},{"Firma (nazwa)":"\"Rzepecki Mroczkowski\" sp. z o.o.","Forma prawna":"spółki z ograniczoną odpowiedzialnością"},{"Firma (nazwa)":"\"Natalii\" sp. z o.o.","Forma prawna":"spółki z ograniczoną odpowiedzialnością"},{"Firma (nazwa)":"\"Powerbike\" SA","Forma prawna":"spółki akcyjne"},{"Firma (nazwa)":"Pneumatik SA","Forma prawna":"spółki akcyjne"},{"Firma (nazwa)":"\"Ppskiz Transmeble Poznań\" sp. z o.o.","Forma prawna":"spółki z ograniczoną odpowiedzialnością"},{"Firma (nazwa)":"\"Biuro Handlowe Jota\" sp. z o.o.","Forma prawna":"spółki z ograniczoną odpowiedzialnością"},{"Firma (nazwa)":"Autostrada Eksploatacja SA","Forma prawna":"spółki akcyjne"},{"Firma (nazwa)":"Konstruktor sp. z o.o.","Forma prawna":"spółki z ograniczoną odpowiedzialnością"},{"Firma (nazwa)":"Kan - Gaz sp. z o.o.","Forma prawna":"spółki z ograniczoną odpowiedzialnością"},{"Firma (nazwa)":"\"Gminne Składy\" sp. z o.o.","Forma prawna":"spółki z ograniczoną odpowiedzialnością"},{"Firma (nazwa)":"\"Mitrans Plus\" sp. z o.o.","Forma prawna":"spółki z ograniczoną odpowiedzialnością"},{"Firma (nazwa)":"Airpress Polska sp. z o.o.","Forma prawna":"spółki z ograniczoną odpowiedzialnością"},{"Firma (nazwa)":"Jan Krzywonos","Forma prawna":"osoby fizyczne prowadzące działalność gospodarczą"},{"Firma (nazwa)":"Kujawa Ryszard Zakład i Sklep Stolarski \"Kornik\"","Forma prawna":"osoby fizyczne prowadzące działalność gospodarczą"},{"Firma (nazwa)":"Przedsiębiorstwo Produkcyjno Handlowe Intermeble Jan Szymański","Forma prawna":"osoby fizyczne prowadzące działalność gospodarczą"},{"Firma (nazwa)":"Kornik. Firma Stolarska. Produkcja i Usługi. Tadeusz Wizła","Forma prawna":"osoby fizyczne prowadzące działalność gospodarczą"},{"Firma (nazwa)":"\"Mebel Logistic\" sp. z o.o.","Forma prawna":"spółki z ograniczoną odpowiedzialnością"},{"Firma (nazwa)":"Jerzy Domicz Technika\/Aerotechnika","Forma prawna":"osoby fizyczne prowadzące działalność gospodarczą"},{"Firma (nazwa)":"Gospodarstwo Rolne Genwefa Kisińska","Forma prawna":"osoby fizyczne prowadzące działalność gospodarczą"},{"Firma (nazwa)":"Paweł Pietrzyk \"Passat - Paweł Pietrzyk\"","Forma prawna":"osoby fizyczne prowadzące działalność gospodarczą"},{"Firma (nazwa)":"Przedsiębiorstwo Specjalistyczne Jerzy Małas","Forma prawna":"osoby fizyczne prowadzące działalność gospodarczą"},{"Firma (nazwa)":"\"Kuvert Polska\" sp. z o.o.","Forma prawna":"spółki z ograniczoną odpowiedzialnością"},{"Firma (nazwa)":"Wielkopolskie Centrum Odzieży Sportowej 'Kalahari' Anna Leszczyńska-Pawlak","Forma prawna":"osoby fizyczne prowadzące działalność gospodarczą"},{"Firma (nazwa)":"Wielobranżowe Przeds. Usługowo-Handlowe \"Dąbrowa\" Wiktor Danielewski","Forma prawna":"osoby fizyczne prowadzące działalność gospodarczą"},{"Firma (nazwa)":"Gospodarstwo Rolne","Forma prawna":"osoby fizyczne prowadzące działalność gospodarczą"},{"Firma (nazwa)":"Meblo-Kompleks Roman Mikołajczak","Forma prawna":"osoby fizyczne prowadzące działalność gospodarczą"},{"Firma (nazwa)":"Marek Szewiało Mati-Trans","Forma prawna":"osoby fizyczne prowadzące działalność gospodarczą"},{"Firma (nazwa)":"Indrol sp. z o.o.","Forma prawna":"spółki z ograniczoną odpowiedzialnością"},{"Firma (nazwa)":"Przedsiębiorstwo Produkcyjne Handlowo-Usługowe \"Makler\" Zpchr Kapyszewski Marek","Forma prawna":"osoby fizyczne prowadzące działalność gospodarczą"},{"Firma (nazwa)":"Mariusz Domański \"Mega Plus\" - Profesjonalne Usługi Porządkowe, Kancelaria Radcy Prawnego","Forma prawna":"osoby fizyczne prowadzące działalność gospodarczą"},{"Firma (nazwa)":"Zph \"Andex\" Danuta Ogrodowczyk-Czapla","Forma prawna":"osoby fizyczne prowadzące działalność gospodarczą"},{"Firma (nazwa)":"Neu-Jkf sp. z o.o.","Forma prawna":"spółki z ograniczoną odpowiedzialnością"},{"Firma (nazwa)":"\"Lepus 2\" Marian Zając","Forma prawna":"osoby fizyczne prowadzące działalność gospodarczą"},{"Firma (nazwa)":"Eligiusz Dziedzic Agencja Handlowa \"Aramko\"","Forma prawna":"osoby fizyczne prowadzące działalność gospodarczą"},{"Firma (nazwa)":"Jarosław Paech \"Domeks\"","Forma prawna":"osoby fizyczne prowadzące działalność gospodarczą"},{"Firma (nazwa)":"Roman Długi Asket","Forma prawna":"osoby fizyczne prowadzące działalność gospodarczą"},{"Firma (nazwa)":"Gospodarstwo Rolne Roman Długi","Forma prawna":"osoby fizyczne prowadzące działalność gospodarczą"},{"Firma (nazwa)":"Przedsiębiorstwo Handlowo-Usługowe \"Eko-Era Poznań\" Sławomir Piotrowiak","Forma prawna":"osoby fizyczne prowadzące działalność gospodarczą"},{"Firma (nazwa)":"Antonina Sobkowska","Forma prawna":"osoby fizyczne prowadzące działalność gospodarczą"},{"Firma (nazwa)":"Masłowski Antoni","Forma prawna":"osoby fizyczne prowadzące działalność gospodarczą"},{"Firma (nazwa)":"Cukiernictwo Piekarnictwo i Gastronomia - Maciej Vogt","Forma prawna":"osoby fizyczne prowadzące działalność gospodarczą"},{"Firma (nazwa)":"Kruk - Transport Danuta Kruk","Forma prawna":"osoby fizyczne prowadzące działalność gospodarczą"},{"Firma (nazwa)":"P.P.U.H. \"Meblomal\" Ex. Import Justyna Kucharska","Forma prawna":"osoby fizyczne prowadzące działalność gospodarczą"},{"Firma (nazwa)":"Przedsiębiorstwo Produkcyjno Handlowo Usługowe Zbigniew Szyszka","Forma prawna":"osoby fizyczne prowadzące działalność gospodarczą"},{"Firma (nazwa)":"Niepubliczny Zakład Opieki Zdrowotnej \"Puls\" Leszek Fajfer","Forma prawna":"osoby fizyczne prowadzące działalność gospodarczą"},{"Firma (nazwa)":"Zakład Stolarski \"Stolmeb\" Jan Tomalik","Forma prawna":"osoby fizyczne prowadzące działalność gospodarczą"},{"Firma (nazwa)":"Przedsiębiorstwo Produkcyjne 'Ferroz\" Bożena Walerowicz","Forma prawna":"osoby fizyczne prowadzące działalność gospodarczą"},{"Firma (nazwa)":"Zakład Stolarski Zaremba Marek","Forma prawna":"osoby fizyczne prowadzące działalność gospodarczą"},{"Firma (nazwa)":"Alexas Marcin Wypchło","Forma prawna":"osoby fizyczne prowadzące działalność gospodarczą"},{"Firma (nazwa)":"Global Cleaning Iwona Gawińska","Forma prawna":"osoby fizyczne prowadzące działalność gospodarczą"},{"Firma (nazwa)":"1. Elettrico Vitari Igor Ulatowski 2. Bramy - Wygrodzenia.pl 3. \"Hello You\" Szkoła Językowa","Forma prawna":"osoby fizyczne prowadzące działalność gospodarczą"},{"Firma (nazwa)":"Firma Wielobranżowa \"Janmir\" Mirosław Nowak","Forma prawna":"osoby fizyczne prowadzące działalność gospodarczą"},{"Firma (nazwa)":"Gospodarstwo Rolne Mirosław Nowak","Forma prawna":"osoby fizyczne prowadzące działalność gospodarczą"},{"Firma (nazwa)":"Ibio- Kod 95 Przemysław Sobczak","Forma prawna":"osoby fizyczne prowadzące działalność gospodarczą"},{"Firma (nazwa)":"Gospodarstwo Rolne","Forma prawna":"osoby fizyczne prowadzące działalność gospodarczą"},{"Firma (nazwa)":"Firma Giszter Michał Giszter","Forma prawna":"osoby fizyczne prowadzące działalność gospodarczą"},{"Firma (nazwa)":"Concept - Zdzisław Stachowiak","Forma prawna":"osoby fizyczne prowadzące działalność gospodarczą"},{"Firma (nazwa)":"Ireneusz Sobczak","Forma prawna":"osoby fizyczne prowadzące działalność gospodarczą"},{"Firma (nazwa)":"Pphu Konstal Franciszek Roszczak","Forma prawna":"osoby fizyczne prowadzące działalność gospodarczą"},{"Firma (nazwa)":"Krzysztof Wróbel Handel i Usługi Budowlane","Forma prawna":"osoby fizyczne prowadzące działalność gospodarczą"},{"Firma (nazwa)":"Gospodarstwo Rolne Krzysztof Wróbel","Forma prawna":"osoby fizyczne prowadzące działalność gospodarczą"},{"Firma (nazwa)":"Pthu Hydro - Marko Maria Pluta","Forma prawna":"osoby fizyczne prowadzące działalność gospodarczą"},{"Firma (nazwa)":"Przedsiębiorstwo Produkcyjno Usługowo Handlowe \"Dąbek-Meble\" Export-Import Małgorzata Dąbek","Forma prawna":"osoby fizyczne prowadzące działalność gospodarczą"},{"Firma (nazwa)":"Zakład Projektowo - Budowlany Projektobud Kępno Andrzej Połomski","Forma prawna":"osoby fizyczne prowadzące działalność gospodarczą"},{"Firma (nazwa)":"Spotkania Autorskie Mariusz Napierała","Forma prawna":"osoby fizyczne prowadzące działalność gospodarczą"},{"Firma (nazwa)":"Józef Kaczmarek Przedsiębiorstwo Produkcyjno Handlowo Usługowe","Forma prawna":"osoby fizyczne prowadzące działalność gospodarczą"},{"Firma (nazwa)":"Ryszard Górecki Przedsiębiorstwo Produkcyjno-Handlowe \"Gortex\"","Forma prawna":"osoby fizyczne prowadzące działalność gospodarczą"},{"Firma (nazwa)":"\"Idźczak-Meble\" Firma Produkcyjno-Handlowo-Usługowa Roman Idźczak","Forma prawna":"osoby fizyczne prowadzące działalność gospodarczą"},{"Firma (nazwa)":"Przedsiębiorstwo Handlu Produkcji i Usług \"Centrum\" Ryszard Dominiak","Forma prawna":"osoby fizyczne prowadzące działalność gospodarczą"},{"Firma (nazwa)":"Gospodarstwo Rolne","Forma prawna":"osoby fizyczne prowadzące działalność gospodarczą"},{"Firma (nazwa)":"Dariusz Gniot Przedsiębiorstwo \"Dar-Oil\"","Forma prawna":"osoby fizyczne prowadzące działalność gospodarczą"},{"Firma (nazwa)":"Tomasz Ochmann Przedsiębiorstwo Wielobranżowe","Forma prawna":"osoby fizyczne prowadzące działalność gospodarczą"},{"Firma (nazwa)":"P.P.H.U. Maxim Henryka Durlak","Forma prawna":"osoby fizyczne prowadzące działalność gospodarczą"},{"Firma (nazwa)":"Wojciech Udała Przedsiębiorstwo Produkcyjno-Usługowo-Handlowe w U M E X","Forma prawna":"osoby fizyczne prowadzące działalność gospodarczą"},{"Firma (nazwa)":"Bąkowski Tadeusz Zakład Remontowo-Budowlany \"Danbud\"","Forma prawna":"osoby fizyczne prowadzące działalność gospodarczą"},{"Firma (nazwa)":"\"Kanwod\" Wiesław Tarczyński","Forma prawna":"osoby fizyczne prowadzące działalność gospodarczą"},{"Firma (nazwa)":"Progress Engineering Leszek Sawicki","Forma prawna":"osoby fizyczne prowadzące działalność gospodarczą"},{"Firma (nazwa)":"Szczotpol Lucyna Jarysz","Forma prawna":"osoby fizyczne prowadzące działalność gospodarczą"},{"Firma (nazwa)":"Urban Food Natalia Pałka-Urban","Forma prawna":"osoby fizyczne prowadzące działalność gospodarczą"},{"Firma (nazwa)":"Zdzisław Wietrzykowski Przedsiębiorstwo Wielobranżowe \"Beton-Dróg\" , Z.Z. Wietrzykowscy Wspólnik Spółki Cywilnej","Forma prawna":"osoby fizyczne prowadzące działalność gospodarczą"},{"Firma (nazwa)":"Zakład Produkcji Obuwia \"Kornecki\" Maciej Kornecki","Forma prawna":"osoby fizyczne prowadzące działalność gospodarczą"},{"Firma (nazwa)":"Turdus K.W. Schwartz s.c.","Forma prawna":"spółki cywilne prowadzące działalność na podstawie umowy zawartej zgodnie z Kodeksem cywilnym"},{"Firma (nazwa)":"Firma \"Viabud\" Jacek Gruszkiewicz","Forma prawna":"osoby fizyczne prowadzące działalność gospodarczą"},{"Firma (nazwa)":"Piekarnia Piotr Łakomy","Forma prawna":"osoby fizyczne prowadzące działalność gospodarczą"},{"Firma (nazwa)":"Mondo Group Rafał Skrzypczak","Forma prawna":"osoby fizyczne prowadzące działalność gospodarczą"},{"Firma (nazwa)":"Sławomir Lechna Lech-Press","Forma prawna":"osoby fizyczne prowadzące działalność gospodarczą"},{"Firma (nazwa)":"Zakład Murarsko-Betoniarski Andrzej Dąbrowski","Forma prawna":"osoby fizyczne prowadzące działalność gospodarczą"},{"Firma (nazwa)":"Gospodarstwo Rolne","Forma prawna":"osoby fizyczne prowadzące działalność gospodarczą"},{"Firma (nazwa)":"Kenkel Wojciech - Wytwórnia Opakowań","Forma prawna":"osoby fizyczne prowadzące działalność gospodarczą"},{"Firma (nazwa)":"Przedsiębiorstwo Prywatne Biegpol Grażyna Biegańska","Forma prawna":"osoby fizyczne prowadzące działalność gospodarczą"},{"Firma (nazwa)":"R. Tent Ryszard Zieliński","Forma prawna":"osoby fizyczne prowadzące działalność gospodarczą"},{"Firma (nazwa)":"Sebastian Szulc \"Auto - Handel\"","Forma prawna":"osoby fizyczne prowadzące działalność gospodarczą"},{"Firma (nazwa)":"Abc-Transport Marek Tadych","Forma prawna":"osoby fizyczne prowadzące działalność gospodarczą"},{"Firma (nazwa)":"Henryk Sienkiewicz \"Alkom\" Firma Handlowo-Usługowa","Forma prawna":"osoby fizyczne prowadzące działalność gospodarczą"},{"Firma (nazwa)":"Drenbud Zakład Usług Melioracyjnych i Kanalizacyjnych Henryk Paczka","Forma prawna":"osoby fizyczne prowadzące działalność gospodarczą"},{"Firma (nazwa)":"Gospodarstwo Rolne","Forma prawna":"osoby fizyczne prowadzące działalność gospodarczą"},{"Firma (nazwa)":"Stacje Paliw \"Jespol\" Henryk Jessa","Forma prawna":"osoby fizyczne prowadzące działalność gospodarczą"},{"Firma (nazwa)":"Woźniak Transport Marcin Woźniak","Forma prawna":"osoby fizyczne prowadzące działalność gospodarczą"},{"Firma (nazwa)":"Przedsiębiorstwo Usług Komunalnych Artur Zys","Forma prawna":"osoby fizyczne prowadzące działalność gospodarczą"},{"Firma (nazwa)":"P.H. Bis-Bel Marian Belter","Forma prawna":"osoby fizyczne prowadzące działalność gospodarczą"},{"Firma (nazwa)":"Maria Jolanta Olech Meble Dębowe Ludwik & Olech","Forma prawna":"osoby fizyczne prowadzące działalność gospodarczą"},{"Firma (nazwa)":"Firma Handlowo-Usługowa \"Alaska\" - Izabela Jędrzejczak","Forma prawna":"osoby fizyczne prowadzące działalność gospodarczą"},{"Firma (nazwa)":"Archicram Maria Boruszak","Forma prawna":"osoby fizyczne prowadzące działalność gospodarczą"},{"Firma (nazwa)":"Biuro Obsługi Inwestycji Graczyk Maciej","Forma prawna":"osoby fizyczne prowadzące działalność gospodarczą"},{"Firma (nazwa)":"Fermy Drobiu Mizgier Tomasz Mizgier","Forma prawna":"osoby fizyczne prowadzące działalność gospodarczą"},{"Firma (nazwa)":"Przedsiębiorstwo Handlowo - Usługowe \"Przemko\" Przemysław Kopydłowski","Forma prawna":"osoby fizyczne prowadzące działalność gospodarczą"},{"Firma (nazwa)":"Gospodarstwo Rolne Przemysław Kopydłowski","Forma prawna":"osoby fizyczne prowadzące działalność gospodarczą"},{"Firma (nazwa)":"Cds-Lider Consulting & Doradztwo & Szkolenia Małgorzata Szlązak","Forma prawna":"osoby fizyczne prowadzące działalność gospodarczą"},{"Firma (nazwa)":"Hanna Piskorska H.P. Cukiernia Hanna Piskorska","Forma prawna":"osoby fizyczne prowadzące działalność gospodarczą"},{"Firma (nazwa)":"Marian Strabel Przedsiębiorstwo Handlowo-Usługowe \"Calibra\" Agencja Ochrony Osób i Mienia","Forma prawna":"osoby fizyczne prowadzące działalność gospodarczą"},{"Firma (nazwa)":"Beata Maćkowiak \"Błysk\"","Forma prawna":"osoby fizyczne prowadzące działalność gospodarczą"},{"Firma (nazwa)":"Gamesture sp. z o.o.","Forma prawna":"spółki z ograniczoną odpowiedzialnością"},{"Firma (nazwa)":"Przedsiębiorstwo Handlowo-Usługowe \"M&M\" Eksport-Import Leszek Mikołajczak","Forma prawna":"osoby fizyczne prowadzące działalność gospodarczą"},{"Firma (nazwa)":"Henryk Grzędziachowski \"Budohen\" Firma Ogólnobudowlana","Forma prawna":"osoby fizyczne prowadzące działalność gospodarczą"},{"Firma (nazwa)":"Przedsiębiorstwo Sprzętowo - Transportowe Andrzej Kasprzak","Forma prawna":"osoby fizyczne prowadzące działalność gospodarczą"},{"Firma (nazwa)":"Paweł Ciastowicz \"Ciastowicz\" Przedsiębiorstwo Budowlane","Forma prawna":"osoby fizyczne prowadzące działalność gospodarczą"},{"Firma (nazwa)":"Zut Wągrowiec Józef Kosiński","Forma prawna":"osoby fizyczne prowadzące działalność gospodarczą"},{"Firma (nazwa)":"Textmar Małgorzata Krupka","Forma prawna":"osoby fizyczne prowadzące działalność gospodarczą"},{"Firma (nazwa)":"Sodra Polska sp. z o.o.","Forma prawna":"spółki z ograniczoną odpowiedzialnością"},{"Firma (nazwa)":"\"Sandal-2\" Przeds. Prod.-Handlowe Pluciński Bożydar","Forma prawna":"osoby fizyczne prowadzące działalność gospodarczą"},{"Firma (nazwa)":"P.P.H.U. \"Stro - Stal\" Stróżyk Sławomir","Forma prawna":"osoby fizyczne prowadzące działalność gospodarczą"},{"Firma (nazwa)":"Piotr Sowa","Forma prawna":"osoby fizyczne prowadzące działalność gospodarczą"},{"Firma (nazwa)":"Gpd sp. z o.o. sp.k.","Forma prawna":"spółki komandytowe"},{"Firma (nazwa)":"Andrzej Langowski","Forma prawna":"osoby fizyczne prowadzące działalność gospodarczą"},{"Firma (nazwa)":"\"Wal - Mar\" Waldemar Kropidłowski","Forma prawna":"osoby fizyczne prowadzące działalność gospodarczą"},{"Firma (nazwa)":"Z.P.H.U. \"Mat-Bud\" Zakład Ogólnobudowlany Piotr Mickiewicz","Forma prawna":"osoby fizyczne prowadzące działalność gospodarczą"},{"Firma (nazwa)":"Gospodarstwo Rolne Piotr Mickiewicz","Forma prawna":"osoby fizyczne prowadzące działalność gospodarczą"},{"Firma (nazwa)":"Intermax Vegetables Processing Company Joanna Urbanowska","Forma prawna":"osoby fizyczne prowadzące działalność gospodarczą"},{"Firma (nazwa)":"Gospodarstwo Rolne Wojciech Podolski","Forma prawna":"osoby fizyczne prowadzące działalność gospodarczą"},{"Firma (nazwa)":"Przedsiębiorstwo Wielobranżowe Duet Andrzej Mateja","Forma prawna":"osoby fizyczne prowadzące działalność gospodarczą"},{"Firma (nazwa)":"Wad Inżynieria sp. z o.o.","Forma prawna":"spółki z ograniczoną odpowiedzialnością"},{"Firma (nazwa)":"Gospodarstwo Rolne","Forma prawna":"osoby fizyczne prowadzące działalność gospodarczą"},{"Firma (nazwa)":"Korczyk Krzysztof 'Euro-Astar' P.P.H.U.","Forma prawna":"osoby fizyczne prowadzące działalność gospodarczą"},{"Firma (nazwa)":"Marcin Głowacki Eko-Mal","Forma prawna":"osoby fizyczne prowadzące działalność gospodarczą"},{"Firma (nazwa)":"Przemysław Andrzejewski P.H.U. \"Chod-Dróg\"","Forma prawna":"osoby fizyczne prowadzące działalność gospodarczą"},{"Firma (nazwa)":"Specjalistyczny Gabinet Lekarski Ginekologia-Położnictwo Mirosław Moskalewicz","Forma prawna":"osoby fizyczne prowadzące działalność gospodarczą"},{"Firma (nazwa)":"Przedsiębiorstwo Produkcyjno-Handlowe \"Minetti\" Barbara Migas-Skoracka","Forma prawna":"osoby fizyczne prowadzące działalność gospodarczą"},{"Firma (nazwa)":"Ultrafood Jarosław Pawliński","Forma prawna":"osoby fizyczne prowadzące działalność gospodarczą"},{"Firma (nazwa)":"Fabryka Mebli Tapicerowanych Beatris Collection Sławomir Pawołek","Forma prawna":"osoby fizyczne prowadzące działalność gospodarczą"},{"Firma (nazwa)":"Tartak Zębowo Mateusz Nowak sp.k.","Forma prawna":"spółki komandytowe"},{"Firma (nazwa)":"Co-Pack Group sp. z o.o. sp.k.","Forma prawna":"spółki komandytowe"},{"Firma (nazwa)":"Dorado Handel sp. z o.o.","Forma prawna":"spółki z ograniczoną odpowiedzialnością"},{"Firma (nazwa)":"Stol-Tap sp. z o.o.","Forma prawna":"spółki z ograniczoną odpowiedzialnością"},{"Firma (nazwa)":"Books sp. z o.o. sp.k.","Forma prawna":"spółki komandytowe"},{"Firma (nazwa)":"Agro-Projects sp. z o.o.","Forma prawna":"spółki z ograniczoną odpowiedzialnością"},{"Firma (nazwa)":"Ossmet sp. z o.o. sp.k.","Forma prawna":"spółki komandytowe"},{"Firma (nazwa)":"Hipromine SA","Forma prawna":"spółki akcyjne"},{"Firma (nazwa)":"W.P.I.P. - Mardom sp. z o.o.","Forma prawna":"spółki z ograniczoną odpowiedzialnością"},{"Firma (nazwa)":"Plantet sp. z o.o.","Forma prawna":"spółki z ograniczoną odpowiedzialnością"},{"Firma (nazwa)":"\"Rouwdach\" sp. z o.o. sp.k.","Forma prawna":"spółki komandytowe"},{"Firma (nazwa)":"Instalsolutions Group sp. z o.o.","Forma prawna":"spółki z ograniczoną odpowiedzialnością"},{"Firma (nazwa)":"Fabres sp. z o.o.","Forma prawna":"spółki z ograniczoną odpowiedzialnością"},{"Firma (nazwa)":"Ipf Group SA","Forma prawna":"spółki akcyjne"},{"Firma (nazwa)":"Hunters Monitoring sp. z o.o.","Forma prawna":"spółki z ograniczoną odpowiedzialnością"},{"Firma (nazwa)":"Nowak Okucia Meblowe sp.k.","Forma prawna":"spółki komandytowe"},{"Firma (nazwa)":"Polak Meble sp. z o.o.","Forma prawna":"spółki z ograniczoną odpowiedzialnością"},{"Firma (nazwa)":"Modalto sp. z o.o.","Forma prawna":"spółki z ograniczoną odpowiedzialnością"},{"Firma (nazwa)":"Service Group sp. z o.o.","Forma prawna":"spółki z ograniczoną odpowiedzialnością"},{"Firma (nazwa)":"Holo Vectors sp. z o.o.","Forma prawna":"spółki z ograniczoną odpowiedzialnością"},{"Firma (nazwa)":"Rob-Tech sp. z o.o.","Forma prawna":"spółki z ograniczoną odpowiedzialnością"},{"Firma (nazwa)":"P.H.U. Lech-Pol sp. z o.o.","Forma prawna":"spółki z ograniczoną odpowiedzialnością"},{"Firma (nazwa)":"Biuro Ochrony Renoma s.c.","Forma prawna":"spółki cywilne prowadzące działalność na podstawie umowy zawartej zgodnie z Kodeksem cywilnym"},{"Firma (nazwa)":"Medicadent Stomatologia sp. z o.o.","Forma prawna":"spółki z ograniczoną odpowiedzialnością"},{"Firma (nazwa)":"Pascal Prefabrykaty sp. z o.o.","Forma prawna":"spółki z ograniczoną odpowiedzialnością"},{"Firma (nazwa)":"\"Eljot\" J. Leśnik i Wspólnicy sp.j.","Forma prawna":"spółki jawne"},{"Firma (nazwa)":"Transport Gapiński sp. z o.o. sp.k.","Forma prawna":"spółki komandytowe"},{"Firma (nazwa)":"Tasomix sp. z o.o.","Forma prawna":"spółki z ograniczoną odpowiedzialnością"},{"Firma (nazwa)":"Zakład Wyrobów Cukierniczych \"Karwit\" K.T. Matyszkiel sp.j.","Forma prawna":"spółki jawne"},{"Firma (nazwa)":"Stanisław Klupś sp.j. w upadłości","Forma prawna":"spółki jawne"},{"Firma (nazwa)":"Niepubliczny Zakład Opieki Zdrowotnej Medyk-Poznań sp. z o.o.","Forma prawna":"spółki z ograniczoną odpowiedzialnością"},{"Firma (nazwa)":"Komfort Budzyń sp. z o.o.","Forma prawna":"spółki z ograniczoną odpowiedzialnością"},{"Firma (nazwa)":"Bioproten sp. z o.o.","Forma prawna":"spółki z ograniczoną odpowiedzialnością"},{"Firma (nazwa)":"Gibas Service Center sp. z o.o.","Forma prawna":"spółki z ograniczoną odpowiedzialnością"},{"Firma (nazwa)":"Resto Rafał Grzesiuk","Forma prawna":"osoby fizyczne prowadzące działalność gospodarczą"},{"Firma (nazwa)":"\"Sady Dolina Noteci \" Henryk Stokłosa","Forma prawna":"osoby fizyczne prowadzące działalność gospodarczą"},{"Firma (nazwa)":"Quick Outsourcing Service sp. z o.o.","Forma prawna":"spółki z ograniczoną odpowiedzialnością"},{"Firma (nazwa)":"Lech Fabrics sp. z o.o.","Forma prawna":"spółki z ograniczoną odpowiedzialnością"},{"Firma (nazwa)":"Mar-Dom Kwieciński sp. z o.o.","Forma prawna":"spółki z ograniczoną odpowiedzialnością"},{"Firma (nazwa)":"Europe Logistics sp. z o.o.","Forma prawna":"spółki z ograniczoną odpowiedzialnością"},{"Firma (nazwa)":"Dimark Manufacture SA","Forma prawna":"spółki akcyjne"},{"Firma (nazwa)":"T.C.S. Krystian Cieplicki","Forma prawna":"osoby fizyczne prowadzące działalność gospodarczą"},{"Firma (nazwa)":"Komfort 2 sp. z o.o. sp.k.","Forma prawna":"spółki komandytowe"},{"Firma (nazwa)":"Gusto Paulina Galant","Forma prawna":"osoby fizyczne prowadzące działalność gospodarczą"},{"Firma (nazwa)":"Zobal sp. z o.o.","Forma prawna":"spółki z ograniczoną odpowiedzialnością"},{"Firma (nazwa)":"Pracodawcy Agencja Pracy Tymczasowej Bernadeta Giżewska","Forma prawna":"osoby fizyczne prowadzące działalność gospodarczą"},{"Firma (nazwa)":"GK Factory sp. z o.o.","Forma prawna":"spółki z ograniczoną odpowiedzialnością"},{"Firma (nazwa)":"C&C s.c.","Forma prawna":"spółki cywilne prowadzące działalność na podstawie umowy zawartej zgodnie z Kodeksem cywilnym"},{"Firma (nazwa)":"Ceramed - Produkcja Materiałów Budowlanych, Utylizacja Odpadów Edmund Lewandowski","Forma prawna":"osoby fizyczne prowadzące działalność gospodarczą"},{"Firma (nazwa)":"Piekarnia Bochenek sp. z o.o.","Forma prawna":"spółki z ograniczoną odpowiedzialnością"},{"Firma (nazwa)":"Grupa MO sp. z o.o. sp.k.","Forma prawna":"spółki komandytowe"},{"Firma (nazwa)":"Hazina sp. z o.o.","Forma prawna":"spółki z ograniczoną odpowiedzialnością"},{"Firma (nazwa)":"Annfil s.c. Goeldner Giwer Goeldner","Forma prawna":"spółki cywilne prowadzące działalność na podstawie umowy zawartej zgodnie z Kodeksem cywilnym"},{"Firma (nazwa)":"Nlogis sp. z o.o.","Forma prawna":"spółki z ograniczoną odpowiedzialnością"},{"Firma (nazwa)":"Sprzedaż Hurtowa i Detaliczna Maszyn i Materiałów Budowlanych Natalia Kowalewska","Forma prawna":"osoby fizyczne prowadzące działalność gospodarczą"},{"Firma (nazwa)":"Weinert sp. z o.o.","Forma prawna":"spółki z ograniczoną odpowiedzialnością"}]