﻿"Firma (nazwa)";"Forma prawna";NIP;REGON;KRS;Adres;Telefon;Faks;Email;WWW;Zarząd;Źródło;Status;Błąd
"Chemos sp. z o.o.";"spółki z ograniczoną odpowiedzialnością";;;;;;;;;;;not_found;"Nie znaleziono w GUS"
"Merazet SA";"spółki akcyjne";;;;;;;;;;;not_found;"Nie znaleziono w GUS"
"Towarzystwo Gospodarcze ""Meblopol"" sp. z o.o.";"spółki z ograniczoną odpowiedzialnością";;;;;;;;;;;not_found;"Nie znaleziono w GUS"
"""Pol-Soft"" sp. z o.o.";"spółki z ograniczoną odpowiedzialnością";;;;;;;;;;;not_found;"Nie znaleziono w GUS"
"Agrobex sp. z o.o.";"spółki z ograniczoną odpowiedzialnością";;;;;;;;;;;not_found;"Nie znaleziono w GUS"
"Umbrella Prosna sp. z o.o.";"spółki z ograniczoną odpowiedzialnością";;;;;;;;;;;not_found;"Nie znaleziono w GUS"
"Przedsiębiorstwo Produkcyjno-Handlowe „Taborex” sp. z o.o. w upadłości";"spółki z ograniczoną odpowiedzialnością";;;;;;;;;;;not_found;"Nie znaleziono w GUS"
"Ferrex sp. z o.o.";"spółki z ograniczoną odpowiedzialnością";;;;;;;;;;;not_found;"Nie znaleziono w GUS"
"Wojskowe Zakłady Motoryzacyjne SA";"spółki akcyjne";;;;;;;;;;;not_found;"Nie znaleziono w GUS"
"Recaro Rail sp. z o.o.";"spółki z ograniczoną odpowiedzialnością";;;;;;;;;;;not_found;"Nie znaleziono w GUS"
"Unitechnika SA";"spółki akcyjne";;;;;;;;;;;not_found;"Nie znaleziono w GUS"
"Agencja Promocyjno-Handlowa ""Mini-Max"" sp.j. W.M.D.J. Ekiert";"spółki jawne";;;;;;;;;;;not_found;"Nie znaleziono w GUS"
"Aft sp. z o.o.";"spółki z ograniczoną odpowiedzialnością";;;;;;;;;;;not_found;"Nie znaleziono w GUS"
"Dębowa Polska sp. z o.o. sp.k.";"spółki komandytowe";;;;;;;;;;;not_found;"Nie znaleziono w GUS"
"Miralex sp. z o.o.";"spółki z ograniczoną odpowiedzialnością";;;;;;;;;;;not_found;"Nie znaleziono w GUS"
"Atlas sp. z o.o.";"spółki z ograniczoną odpowiedzialnością";;;;;;;;;;;not_found;"Nie znaleziono w GUS"
"Przedsiębiorstwo Produkcyjno-Handlowe ""Lemar"" sp. z o.o.";"spółki z ograniczoną odpowiedzialnością";;;;;;;;;;;not_found;"Nie znaleziono w GUS"
"Litex Service sp. z o.o.";"spółki z ograniczoną odpowiedzialnością";;;;;;;;;;;not_found;"Nie znaleziono w GUS"
"""Inter-Service"" sp. z o.o.";"spółki z ograniczoną odpowiedzialnością";;;;;;;;;;;not_found;"Nie znaleziono w GUS"
"Przedsiębiorstwo Usługowo Produkcyjne ""Agromix"" sp. z o.o.";"spółki z ograniczoną odpowiedzialnością";;;;;;;;;;;not_found;"Nie znaleziono w GUS"
